Compound_Name,Inchi_Keys
Lometrexol,ZUQBAQVRAURMCL-DOMZBBRYSA-N
Lapatinib ditosylate,BCFGMOOMADDAQU-UHFFFAOYSA-N
Rubitecan,VHXNKPBCCMUMSW-FQEVSTJZSA-N
tibalosin,FJLRGFADCXTJNV-UHFFFAOYSA-N
TIBALOSINE,FJLRGFADCXTJNV-CAWMZFRYSA-N
CGP-52608,DDYJDIHOSRTMSE-FLIBITNWSA-N
Artelinate,UVNHKOOJXSALHN-ILQPJIFQSA-N
Rosabulin,IZZYUABKZYIINT-UHFFFAOYSA-N
9-Aminocamptothecin,FUXVKZWTXQUGMW-FQEVSTJZSA-N
GSK-929,ZYJBOSYROBLSKR-UHFFFAOYSA-N
TS-80,NHUBNGBTNGRPMH-MFOYZWKCSA-N
MF 5137,LLVLMYRWABCVEU-UHFFFAOYSA-N
BMS-214662,OLCWFLWEHWLBTO-HSZRJFAPSA-N
SAR-103168,UARVFMMJGJJSNR-UHFFFAOYSA-N
Elliptinium acetate,YZQRAQOSAPWELU-UHFFFAOYSA-O
lometrexol,ZUQBAQVRAURMCL-IUODEOHRSA-N
DATHF,ZUQBAQVRAURMCL-UHFFFAOYSA-N
GSK-461364A,ZHJGWYRLJUCMRT-QGZVFWFLSA-N
PF-3758309,AYCPARAPKDAOEN-LJQANCHMSA-N
Merestinib,QHADVLVFMKEIIP-UHFFFAOYSA-N
TILBROQUINOL,JMOVFFLYGIQXMM-UHFFFAOYSA-N
Apomine,YLJOVCWVJCDPLN-UHFFFAOYSA-N
AZD-9056,HSQAARMBHJCUOK-UHFFFAOYSA-N
Lu-35-138,YVIUVYJJSZFGCX-LJQANCHMSA-N
AC-430,DCRWIATZWHLIPN-UHFFFAOYSA-N
AC430,DCRWIATZWHLIPN-KRWDZBQOSA-N
AIC-292,JPOJKNJIKXMZRB-UHFFFAOYSA-N
GSK-364735,QWLNINWUBHHOLU-UHFFFAOYSA-N
Aurothiomalate disodium,XJHSMFDIQHVMCY-UHFFFAOYSA-M
Ombrabulin hydrochloride,IXWNTLSTOZFSCM-YVACAVLKSA-N
MOFEBUTAZONE,REOJLIXKJWXUGB-UHFFFAOYSA-N
MK-8245,UJEAABFSXKCSGI-UHFFFAOYSA-N
Rabusertib,SYYBDNPGDKKJDU-ZDUSSCGKSA-N
rabusertib,SYYBDNPGDKKJDU-UHFFFAOYSA-N
Domatinostat tosylate,PRXXYMVLYKJITB-IZZDOVSWSA-N
KW-2478,VFUXSYAXEKYYMB-UHFFFAOYSA-N
Darifenacin hydrobromide,HXGBXQDTNZMWGS-RUZDIDTESA-N
Vincristine sulfate,OGWKCGZFUXNPDA-CFWMRBGOSA-N
VINCRISTINE SULFATE,OGWKCGZFUXNPDA-VCNVWOPNSA-P
ALGESTONE ACETOPHENIDE,AHBKIEXBQNRDNL-UHFFFAOYSA-N
Danusertib,XKFTZKGMDDZMJI-HSZRJFAPSA-N
KPS-0373,LFUMGIOQKSBEQA-UHFFFAOYSA-N
duloxetine hydrochloride,ZEUITGRIYCTCEM-QGZVFWFLSA-N
Duloxetine hydrochloride,ZEUITGRIYCTCEM-KRWDZBQOSA-N
JNJ-28312141,GUBJNPWVIUFSTR-UHFFFAOYSA-N
Chlorproguanil hydrochloride,ISZNZKHCRKXXAU-UHFFFAOYSA-N
Vinblastine sulfate,JXLYSJRDGCGARV-CFWMRBGOSA-N
VINBLASTINE SULFATE,SLYVXLDIZTXUBH-XQKSVPLYSA-N
cebranopadol,CSMVOZKEWSOFER-RQNOJGIXSA-N
Cebranopadol hemicitrate,QNIWUQOXLTXKTG-YHFKLDKUSA-N
LM 1554,GDHMBNWVLWMONW-UHFFFAOYSA-N
KD-023,CZRCFAOMWRAFIC-UHFFFAOYSA-N
ATOVAQUONE,KUCQYCKVKVOKAY-CTYIDZIISA-N
cetaben sodium,QXWKHSSBFQDQPR-UHFFFAOYSA-N
Carmofur,AOCCBINRVIKJHY-UHFFFAOYSA-N
Vistusertib,JUSFANSTBFGBAF-IRXDYDNUSA-N
17-Hydroxyprogesterone caproate,DOMWKUIIPQCAJU-LJHIYBGHSA-N
"hydroxyprogesterone caproate, Lipocine",DOMWKUIIPQCAJU-JKPPDDDBSA-N
HYDROXYPROGESTERONE CAPROATE,DOMWKUIIPQCAJU-RNAXJELESA-N
VINDESINE,SWEFCKJEWNSMDH-KOTLKJBCSA-N
vindesine,HHJUWIANJFBDHT-NYPCZBSSSA-N
BAY-61-3606,JWQOJVOKBAAAAR-UHFFFAOYSA-N
S-444823,SYBONVBDFTYUQP-UHFFFAOYSA-N
MS 16056,WYBNGERDAGUCOY-UHFFFAOYSA-N
Mavorixafor,WVLHHLRVNDMIAR-IBGZPJMESA-N
AMD-070,WVLHHLRVNDMIAR-UHFFFAOYSA-N
MELITRACEN,GWWLWDURRGNSRS-UHFFFAOYSA-N
HOMOCAMPTOTHECIN,VSJKWCGYPAHWDS-FQEVSTJZSA-N
Camptothecin,VSJKWCGYPAHWDS-HXUWFJFHSA-N
Fluphenazine hydrochloride,PLDUPXSUYLZYBN-UHFFFAOYSA-N
Benzamil hydrochloride,KXDROGADUISDGY-UHFFFAOYSA-N
Alectinib hydrochloride,KDGFLJKFZUIJMX-UHFFFAOYSA-N
Atreleuton,MMSNEKOTSJRTRI-LLVKDONJSA-N
GSK-598809,ZKRWPAYTJMRKLJ-BTYIYWSLSA-N
Asulacrine isethionate,TWHSQQYCDVSBRK-UHFFFAOYSA-N
10-Nitrooleic acid,WRADPCFZZWXOTI-BMRADRMJSA-N
FO-152,CUDUXVBVSUAOTK-VEOFNUSFSA-N
FO 152,CUDUXVBVSUAOTK-UHFFFAOYSA-N
Octenidine hydrochloride,ZVXNYZWXUADSRV-UHFFFAOYSA-N
BROXALDINE,IJTPLVAAROHGGB-UHFFFAOYSA-N
Nitroxoline,RJIWZDNTCBHXAL-UHFFFAOYSA-N
AS-101,JFOPOQNEGIEXNA-UHFFFAOYSA-N
BLEOMYCIN SULFATE,OYVAGSVQBOHSSS-UHFFFAOYSA-O
Bleomycin A2 sulfate,OYVAGSVQBOHSSS-NVNHUGRFSA-O
rifabutin,ATEBXHFBFRCZMA-PXLLSWSRSA-N
Rifabutin,ATEBXHFBFRCZMA-VXTBVIBXSA-N
RIFABUTIN,ATEBXHFBFRCZMA-XPLGLXNWSA-N
Chlorhexidine gluconate,KUXUALPOSMRJSW-IFWQJVLJSA-N
DIBROMPROPAMIDINE,GMJFVGRUYJHMCO-UHFFFAOYSA-N
PORFIROMYCIN,HRHKSTOGXBBQCB-AQWFHMNCSA-N
porfiromycin,HRHKSTOGXBBQCB-UHFFFAOYSA-N
Porfiromycin,HRHKSTOGXBBQCB-VFWICMBZSA-N
PHENYLMERCURIC BORATE,BODKAQWWZBLGOU-UHFFFAOYSA-N
Sertindole,GZKLJWGUPQBVJQ-UHFFFAOYSA-N
GELUNGEL,ICUTUKXCWQYESQ-UHFFFAOYSA-N
Fluoxetine hydrochloride,RTHCYVBBDHJXIQ-UHFFFAOYSA-N
(R)-Fluoxetine,RTHCYVBBDHJXIQ-MRXNPFEDSA-N
(S)-Fluoxetine,RTHCYVBBDHJXIQ-INIZCTEOSA-N
CHLOROXINE,WDFKMLRRRCGAKS-UHFFFAOYSA-N
Decamethoxine,ZADGGFKUEYIBJC-UHFFFAOYSA-N
Eravacycline,HLFSMUUOKPBTSM-ISIOAQNYSA-N
nitracrine,YMVWGSQGCWCDGW-UHFFFAOYSA-N
M-83,HNTGDFCASLOZEZ-UHFFFAOYSA-N
KW-2083,HNTGDFCASLOZEZ-PGDDNOQISA-N
ACETOMEROCTOL,YEWQCWVEXRSMSB-UHFFFAOYSA-M
Zhengguangmycin A5,QYOAUOAXCQAEMW-KYEMRAPCSA-N
PBT-1033,YZPOQCQXOSEMAZ-UHFFFAOYSA-N
ABT 255,LPFFKRSIFTURFF-SUMWQHHRSA-N
PIRTENIDINE,RGTPDNXJDCPXAB-UHFFFAOYSA-N
MERCUFENOL CHLORIDE,GABVDWALKPAUEQ-UHFFFAOYSA-M
TCD-717,QGYGTMZEJNOHNU-UHFFFAOYSA-N
eravacycline,HLFSMUUOKPBTSM-UDHQDRSKSA-N
Rifampicin,JQXXHWHPUNPDRT-WLSIYKJHSA-N
RIFAMPICIN,JQXXHWHPUNPDRT-MCDDUTRQSA-N
Ambazone,MLMFUKWWZIZRHX-UHFFFAOYSA-N
AMBAZONE,MLMFUKWWZIZRHX-VFWKFLPVSA-N
Ebastine,MJJALKDDGIKVBE-UHFFFAOYSA-N
Flutrimazole,QHMWCHQXCUNUAK-UHFFFAOYSA-N
RIFAMYCIN SV MMX,HJYYPODYNSCCOU-SKSZWDJVSA-N
Rifamycin,HJYYPODYNSCCOU-ODRIEIDWSA-N
T 9,HJYYPODYNSCCOU-CNXVVRDGSA-N
FCE-22250,JEGGQYICWGMXOZ-GMPMKFSHSA-N
aclarubicin,USZYSDMBJDPRIF-VBEAGOIHSA-N
Pibenzimol,VEZJRJGLFIXQHG-UHFFFAOYSA-N
TAS-103,ROWSTIYZUWEOMM-UHFFFAOYSA-N
Rifapentine,WDZCUPBHRAEYDL-GZAUEHORSA-N
EF-4040,BUXNKFNNJJTLOS-UHFFFAOYSA-N
APPCL,CJILPKIVYILOEF-UHFFFAOYSA-N
Acivicin,QAWIHIJWNYOLBE-OKKQSCSOSA-N
ACIVICIN,QAWIHIJWNYOLBE-UHFFFAOYSA-N
Brincidofovir,WXJFKKQWPMNTIM-VWLOTQADSA-N
PKI-179,WXUUCRLKXQMWRY-UHFFFAOYSA-N
AZD-6918,CNVPBZZBCDUDPL-NSHDSACASA-N
ACRIFLAVINE,XSIOKTWDEOJMGG-UHFFFAOYSA-O
Disulfiram,AUZONCFQVSMFAP-UHFFFAOYSA-N
Idarubicin hydrochloride,XDXDZDZNSLXDNA-TZNDIEGXSA-N
Pentamidine isethionate,XDRYMKDFEDOLFX-UHFFFAOYSA-N
PLICAMYCIN,CFCUWKMKBJTWLW-OQCYXQHVSA-N
Plicamycin,CFCUWKMKBJTWLW-BKHRDMLASA-N
PRENYLAMINE,IFFPICMESYHZPQ-UHFFFAOYSA-N
6-Aminochrysene,KIVUHCNVDWYUNP-UHFFFAOYSA-N
T 98475,RANJJVIMTOIWIN-UHFFFAOYSA-N
ACLARUBICIN HYDROCHLORIDE,USZYSDMBJDPRIF-IBTSQXAUSA-N
Aclarubicin,USZYSDMBJDPRIF-SVEJIMAYSA-N
AZD-1480,PDOQBOJDRPLBQU-QMMMGPOBSA-N
Ceralasertib,OHUHVTCQTUDPIJ-JYCIKRDWSA-N
AZD-6738,OHUHVTCQTUDPIJ-RNHBAAACSA-N
Brigatinib,AILRADAXUVEEIR-UHFFFAOYSA-N
Rilapladib,NNBGCSGCRSCFEA-UHFFFAOYSA-N
Ro-24-4736,MPMZSZMDCRPSRF-UHFFFAOYSA-N
BSF-466895,LCMWDFXRHRLQPG-MXVIHJGJSA-N
PALINAVIR,RXBWRFDZXRAEJT-SZNOJMITSA-N
JNJ-10280205,WQUZPRFCWILZJO-AREMUKBSSA-N
SB-435495,VGIQUSQBXZXBGW-UHFFFAOYSA-N
CNS 1237,AZZRFSWIWLKNLQ-UHFFFAOYSA-N
PF-3526299,MOXXQFNQDDSJHT-UHFFFAOYSA-N
ONO-4059,KSUDUUBCXJUFRL-SFHVURJKSA-N
ITI-214,BBIPVJCGIASXJB-PKTZIBPZSA-N
PLX-8394,YYACLQUDUDXAPA-MRXNPFEDSA-N
RO 318425,QQKKPWJFHBFCTH-UHFFFAOYSA-N
Lifirafenib,NGFFVZQXSRKHBM-FKBYEOEOSA-N
AZAQUINONE,UCBSXTTUNYWOCC-UHFFFAOYSA-N
A 84441,VHZNMKYXMGMYLV-RUINGEJQSA-N
Ilmofosine,ODEDPKNSRBCSDO-UHFFFAOYSA-N
Alunbrig,OVDSPTSBIQCAIN-UHFFFAOYSA-N
Milfasartan,QVFVAKQHELFATN-UHFFFAOYSA-N
elesclomol,BKJIXTWSNXCKJH-UHFFFAOYSA-N
AER-270,CHILCFMQWMQVAL-UHFFFAOYSA-N
Mibampator,ULRDYYKSPCRXAJ-KRWDZBQOSA-N
CHIR-265,YABJJWZLRMPFSI-UHFFFAOYSA-N
Delanzomib,SJFBTAPEPRWNKH-CCKFTAQKSA-N
Pimecrolimus,KASDHRXLYQOAKZ-XDSKOBMDSA-N
Merimepodib,JBPUGFODGPKTDW-SFHVURJKSA-N
Gambogic acid,GEZHEQNLKAOMCA-RRZNCOCZSA-N
MK-0893,DNTVJEMGHBIUMW-IBGZPJMESA-N
Dinaciclib,PIMQWRZWLQKKBJ-SFHVURJKSA-N
Leuco methylthioninium bis(hydromethanesulfonate),QTWZICCBKBYHDM-UHFFFAOYSA-N
Omaveloxolone,RJCWBNBKOKFWNY-IDPLTSGASA-N
Nemorubicin,CTMCWCONSULRHO-UHQPFXKFSA-N
nemorubicin,CTMCWCONSULRHO-NGSKYDIISA-N
TMC-647055,UOBYJVFBFSLCTQ-UHFFFAOYSA-N
MX 781,JSLORBCSMVYNTA-XBXARRHUSA-N
ethinyl estradiol sulfonate,KPEUDULLQDHKAZ-VROINQGHSA-N
PF-4191834,DVNQWYLVSNPCJZ-UHFFFAOYSA-N
PWT-33597,GDCJHDUWWAKBIW-UHFFFAOYSA-N
Nanatinostat,QRGHOAATPOLDPF-VQFNDLOPSA-N
CHR-3996,QRGHOAATPOLDPF-BYICEURKSA-N
SA-13353,AIUJHENHBJHHMY-UHFFFAOYSA-N
COTI-2-MO5,UTDAKQMBNSHJJB-JWGURIENSA-N
COTI-2,UTDAKQMBNSHJJB-CJLVFECKSA-N
SKQ-1,ZFUDULLGKXSPPH-UHFFFAOYSA-N
Napabucasin,DPHUWDIXHNQOSY-UHFFFAOYSA-N
RA VII,MBQKTLYFUYNAPZ-FEZMQHRXSA-N
WN-1316,JPLQUMVXDBHHSG-UHFFFAOYSA-N
APTO-253,NIRXBXIPHUTNNI-UHFFFAOYSA-N
Methylthioninium chloride,RBTBFTRPCNLSDE-UHFFFAOYSA-N
Cetylpyridinium chloride,NEUSVAOJNUQRTM-UHFFFAOYSA-N
Cabozantinib S-malate,ONIQOQHATWINJY-UHFFFAOYSA-N
Tosedostat,FWFGIHPGRQZWIW-SQNIBIBYSA-N
CHR-2797,FWFGIHPGRQZWIW-ABHNRTSZSA-N
Ertiprotafib,FONCZICQWCUXEB-RUZDIDTESA-N
CB-5083,RDALZZCKQFLGJP-UHFFFAOYSA-N
Adomeglivant,FASLTMSUPQDLIB-MHZLTWQESA-N
LEQ-506,POERAARDVFVDLO-QGZVFWFLSA-N
Olanexidine hydrochloride,ZZQMUJGZCZTLQD-UHFFFAOYSA-N
Tipranavir,SUJUHGSWHZTSEU-FYBSXPHGSA-N
Pevonedistat,MPUQHZXIXSTTDU-QXGSTGNESA-N
56-472,VZXULFIUJKSVJY-UHFFFAOYSA-N
Bardoxolone,TXGZJQLMVSIZEI-UQMAOPSPSA-N
bardoxolone,TXGZJQLMVSIZEI-BOPWVZDGSA-N
Pirarubicin,KMSKQZKKOZQFFG-YXRRJAAWSA-N
ONC-201,VLULRUCCHYVXOH-UHFFFAOYSA-N
Simeprevir,JTZZSQYMACOLNN-VDWJNHBNSA-N
Nonoxinol 9,FBWNMEQMRUMQSO-UHFFFAOYSA-N
U-78517F,KPZQRBACZSLMPH-UHFFFAOYSA-N
348U87,YYLKOELWSMRYHV-VXLYETTFSA-N
Quiflapon Sodium,NZOONKHCNQFYCI-UHFFFAOYSA-N
Luliconazole,YTAOBBFIOAEMLL-REQDGWNSSA-N
Ixazomib,MXAYKZJJDUDWDS-LBPRGKRZSA-N
ROMIDEPSIN,OHRURASPPZQGQM-GCCNXGTGSA-N
Chromadax,OHRURASPPZQGQM-HXFRDVPDSA-N
ZOTAROLIMUS,CGTADGCBEXYWNE-IGPVPDJOSA-N
Evacetrapib,IHIUGIVXARLYHP-YBXDKENTSA-N
evacetrapib,IHIUGIVXARLYHP-RKWMVRENSA-N
LY2484595,IHIUGIVXARLYHP-RQNQAMLKSA-N
CJ-13610,VPTONMHDLLMOOV-UHFFFAOYSA-N
Aurothioglucose,XHVAWZZCDCWGBK-WYRLRVFGSA-M
Benzethonium chloride,SIYLLGKDQZGJHK-UHFFFAOYSA-N
WIN 51708,AIIXYCDTEGICEE-HZVAOYAWSA-N
terconazole,BLSQLHNBWJLIBQ-ANWICMFUSA-N
TERCONAZOLE,BLSQLHNBWJLIBQ-OZXSUGGESA-N
Terconazole,BLSQLHNBWJLIBQ-ZEQKJWHPSA-N
POLIDOCANOL,ONJQDTZCDSESIW-UHFFFAOYSA-N
Istaroxime,MPYLDWFDPHRTEG-PAAYLBSLSA-N
Ivermectin,AZSNMRSAGSSBNP-VSVCYPKWSA-N
IVERMECTIN,SPBDXSGPUHCETR-JFUDTMANSA-N
"ivermectin 1%, Galderma",AZSNMRSAGSSBNP-WBOWAXCQSA-N
PARANYLINE,WOVTUUKKGNHVFZ-UHFFFAOYSA-N
Brilanestrant,BURHGPHDEVGCEZ-KJGLQBJMSA-N
V-85546,BLZRQJYPLPCJTR-KWCYVHTRSA-N
WAY-254011,VXHRQVMQVYQGQG-UHFFFAOYSA-N
EVP-0962,ZSERTYLZGRJLOO-QGZVFWFLSA-N
SG-2000,RWZVMMQNDHPRQD-SFTDATJTSA-N
ketoconazole,XMAYWYJOQHXEEK-NASUQTAISA-N
Ketoconazole,XMAYWYJOQHXEEK-ZEQKJWHPSA-N
KETOCONAZOLE,XMAYWYJOQHXEEK-OZXSUGGESA-N
Bardoxolone methyl,WPTTVJLTNAWYAO-KPOXMGGZSA-N
bardoxolone methyl,WPTTVJLTNAWYAO-GPJRJPTMSA-N
Lanopepden,SWHNZGMQMGFQGW-MSOLQXFVSA-N
BMS-188184,MSCWLMXCFHMGMN-SHUXQVCQSA-N
AMG-3731,BKESGYCEDGCSAV-UHFFFAOYSA-N
T 162559,LANOLOBXTHGFCJ-DWXAVSTPSA-N
CDDO,TXGZJQLMVSIZEI-RTGQUWHWSA-N
BROMOSALICYLCHLORANILIDE,QBSGXIBYUQJHMJ-UHFFFAOYSA-N
ETHYNODIOL DIACETATE,ONKUMRGIYFNPJW-WKPVTEASSA-N
Halofuginone hydrobromide,LVASCWIMLIKXLA-LSDHHAIUSA-N
Halofuginone,LVASCWIMLIKXLA-UHFFFAOYSA-N
HALOFUGINONE,LVASCWIMLIKXLA-CABCVRRESA-N
Incyclinide,ZXFCRFYULUUSDW-OWXODZSWSA-N
Alvespimycin hydrochloride,KUFRQPKVAWMTJO-LMZWQJSESA-N
ALVESPIMYCIN HYDROCHLORIDE,KUFRQPKVAWMTJO-PHVRWVPDSA-N
CB-21,UQOSBPRTQFFUOA-SRZZPIQSSA-N
LS-1727,KTQUNVRSLAGBSY-RRFJAZBJSA-N
BISANTRENE,NJSMWLQOCQIOPE-OCHFTUDZSA-N
Bisantrene hydrochloride,NJSMWLQOCQIOPE-JEGUCOMDSA-N
Retaspimycin hydrochloride,OAKGNIRUXAZDQF-TXHRRWQRSA-O
Omipalisib,CGBJSGAELGCMKE-UHFFFAOYSA-N
Croconazole hydrochloride,WHPAGCJNPTUGGD-UHFFFAOYSA-N
Pelitrexol,QXOPTIPQEVJERB-JQWIXIFHSA-N
Pracinostat hydrochloride,JHDKZFFAIZKUCU-ZRDIBKRKSA-N
REC-2282,LAMIXXKAWNLXOC-INIZCTEOSA-N
Cerivastatin sodium,SEERZIQQUAZTOL-ANMDKAQQSA-N
PF-4287881,PHBRSMBCWZLOFO-PBSXUYDUSA-N
R-763,KSOVGRCOLZZTPF-QMKUDKLTSA-N
Cycloheximide,YPHMISFOHDHNIV-FSZOTQKASA-N
Pitavastatin magnesium,MPAZKXHCZWDZDY-FFNUKLMVSA-L
"pitavastatin calcium, Kowa",RHGYHLPFVJEAOC-MAGGFSPCSA-L
Pitavastatin calcium,RHGYHLPFVJEAOC-FFNUKLMVSA-L
LY-2874455,GKJCVYLDJWTWQU-CXLRFSCWSA-N
Dacinostat,BWDQBBCUWLSASG-MDZDMXLPSA-N
Panobinostat lactate,FPOHNWQLNRZRFC-ZHACJKMWSA-N
Quisinostat hydrochloride,PAWIYAYFNXQGAP-UHFFFAOYSA-N
Ethaselen-1,SFFSGPCYJCMDJM-UHFFFAOYSA-N
7-Hydroxystaurosporine,PBCZSGKMGDDXIJ-HQCWYSJUSA-N
Azeliragon,KJNNWYBAOPXVJY-UHFFFAOYSA-N
TG-100572,AQSSMEORRLJZLU-UHFFFAOYSA-N
Aldoxorubicin hydrochloride,OBMJQRLIQQTJLR-USGQOSEYSA-N
Aldoxorubicin,OBMJQRLIQQTJLR-DNFUEQBLSA-N
INNO-206,OBMJQRLIQQTJLR-ZGSYAQDKSA-N
CNF-2024,QULDDKSCVCJTPV-UHFFFAOYSA-N
Valrubicin,ZOCKGBMQLCSHFP-KQRAQHLDSA-N
VALRUBICIN,ZOCKGBMQLCSHFP-UHFFFAOYSA-N
Daunorubicin,STQGQHZAVUOBTE-VGBVRHCVSA-N
"daunorubicin, SuperGen",STQGQHZAVUOBTE-MFXFIFEASA-N
Cytarabine/daunorubicin,HBQCEICSYDCGJG-SZXLQUARSA-N
DAUNORUBICIN HYDROCHLORIDE,STQGQHZAVUOBTE-XDNDZMDQSA-N
IPI-504,OAKGNIRUXAZDQF-NZQYQPJRSA-N
XL-647,HVXKQKFEHMGHSL-GOOCMWNKSA-N
Tesevatinib,HVXKQKFEHMGHSL-QKDCVEJESA-N
Mibefradil hydrochloride,HBNPJJILLOYFJU-VMPREFPWSA-N
"mibefradil dihydrochloride,Tau",HBNPJJILLOYFJU-URLMMPGGSA-N
Ellipravin,BPVBTSVRULALAY-GUGJDKNPSA-O
Melphalan flufenamide hydrochloride,YQZNKYXGZSVEHI-VXKWHMMOSA-N
GFQVFURAITYPCT-UHFFFAOYSA-N,GFQVFURAITYPCT-UHFFFAOYSA-N
Debio-0932,RVJIQAYFTOPTKK-UHFFFAOYSA-N
Pyronaridine,DJUFPMUQJKWIJB-UHFFFAOYSA-N
T1210,CVRXLMUYFMERMJ-UHFFFAOYSA-N
Ganetespib,RVAQIUULWULRNW-UHFFFAOYSA-N
Onalespib lactate,IFRGXKKQHBVPCQ-UHFFFAOYSA-N
SNX-5422,AVDSOVJPJZVBTC-CTYIDZIISA-N
PF-4929113,AVDSOVJPJZVBTC-AZZIRIGVSA-N
Pacritinib,HWXVIOGONBBTBY-ONEGZZNKSA-N
JTC-801,VTGBZWHPJFMTKS-UHFFFAOYSA-N
BENIDIPINE,QZVNQOLPLYWLHQ-ZEQKJWHPSA-N
Carfilzomib,BLMPQMFVWMYDKT-NZTKNTHTSA-N
carfilzomib,BLMPQMFVWMYDKT-SIRPXFNXSA-N
Diphenylcyclopropenone,HCIBTBXNLVOFER-UHFFFAOYSA-N
Clomiphene,GKIRPKYJQBWNGO-OCEACIFDSA-N
Zuclomiphene,GKIRPKYJQBWNGO-QPLCGJKRSA-N
GSK-1070916A,QTBWCSQGBMPECM-UHFFFAOYSA-N
ISOLIQUIRITIGENIN,DXDRHHKMWQZJHT-FPYGCLRLSA-N
Oxyphenbutazone,HFHZKZSRXITVMK-UHFFFAOYSA-N
TRIAPINE,XMYKNCNAZKMVQN-NYYWCZLTSA-N
(-)-Phenserine tartrate,PBHFNBQPZCRWQP-QUCCMNQESA-N
(+)-Phenserine,PBHFNBQPZCRWQP-AZUAARDMSA-N
Piroxantrone,QEWPVAOWLNMLRI-UHFFFAOYSA-N
SULOCTIDIL,BFCDFTHTSVTWOG-YLJYHZDGSA-N
Teniposide,NRUKOCRGYNPUPR-QBPJDGROSA-N
teniposide,NRUKOCRGYNPUPR-OMLXZSNTSA-N
TENIPOSIDE,NRUKOCRGYNPUPR-QKZSFNSFSA-N
Terfenadine,GUGOEEXESWIERI-UHFFFAOYSA-N
TREQUINSIN,MCMSJVMUSBZUCN-YYDJUVGSSA-N
Y 29794,HAGHKJDWBDSFKC-UHFFFAOYSA-N
THIOPROPAZATE,AIUHRQHVWSUTGJ-UHFFFAOYSA-N
AR-709,ASSNCSVJAZEMQG-UHFFFAOYSA-N
BW-A773U,YTHQUBIKIOUZBQ-UHFFFAOYSA-N
MM-433593,RIKZRSJVZWKHNX-UHFFFAOYSA-N
SCH-211803,VMJKUCKTXMESQR-UHFFFAOYSA-N
Sitravatinib,WLAVZAAODLTUSW-UHFFFAOYSA-N
KF-4939,ODUBEYQKYAQFNS-UHFFFAOYSA-N
Ro-31-7453,OVSKGTONMLKNPZ-UHFFFAOYSA-N
SM-3163,ARMFEKPMFQQBNM-UHFFFAOYSA-N
LY-900009,JURYTIUJMYPBNN-GKCIPKSASA-N
Tedatioxetine,CVASBKDYSQKLSO-UHFFFAOYSA-N
Fantofarone,ITAMRBIZWGDOHW-UHFFFAOYSA-N
Zuclopenthixol hydrochloride,WFPIAZLQTJBIFN-BLLMUTORSA-N
S-16020-2,ZDUZYDDAHVZGCI-UHFFFAOYSA-N
PR 000001,YIBOKAQCZWKXIM-UHFFFAOYSA-N
PR 000608,YIBOKAQCZWKXIM-NDEPHWFRSA-N
trequinsin,MCMSJVMUSBZUCN-UHFFFAOYSA-N
Varlitinib tosylate,UWXSAYUXVSFDBQ-CYBMUJFWSA-N
ARRY-334543,UWXSAYUXVSFDBQ-UHFFFAOYSA-N
KW 8232,HESAJCAYRSKRSG-UHFFFAOYSA-N
GSK-932121,QGQFNQWZHHSZIC-UHFFFAOYSA-N
GDC-0425,XEZLBMHDUXSICI-UHFFFAOYSA-N
Manoalide,FGJIDQWRRLDGDB-FRKPEAEDSA-N
MANOALIDE,FGJIDQWRRLDGDB-RFUDPZKQSA-N
QUINACRINE,GPKJTRJOBQGKQK-UHFFFAOYSA-N
Quinacrine hydrochloride,RZFNKJVCPDLQQA-UHFFFAOYSA-N
GS-9191,YTMOQFAFGKLYIW-CONSDPRKSA-N
TAC-788,NIFUKBQRKNNRPL-OMCISZLKSA-N
AMG-2674,VZBVEWNPFLFUCS-FXADVQPWSA-N
Metesind glucuronate,CVEGTZWWWRJCFK-UHFFFAOYSA-N
AT-9283,LOLPPWBBNUVNQZ-UHFFFAOYSA-N
pinafide,GBOQUHPYCRYKGV-UHFFFAOYSA-N
Bimiralisib,ADGGYDAFIHSYFI-UHFFFAOYSA-N
EXATECAN,ZVYVPGLRVWUPMP-VOIUYBSRSA-N
Exatecan mesilate,ZVYVPGLRVWUPMP-FYSMJZIKSA-N
Ipexidine mesylate,OKWNVUAQDQVEOQ-UHFFFAOYSA-N
balamapimod,CVAKNHIXTWLGJO-UHFFFAOYSA-N
BW-114,HWKQYGBAAMKHDY-UHFFFAOYSA-N
Anlotinib dihydrochloride,KSMZEXLVHXZPEF-UHFFFAOYSA-N
Givinostat hydrochloride,YALNUENQHAQXEA-UHFFFAOYSA-N
MX-68,WEEYASWRWODDTJ-ZDUSSCGKSA-N
SR-33805A,GCVFQRRBTCHIPK-UHFFFAOYSA-N
bortezomib,GXJABQQUPOEUTA-LDCVWXEPSA-N
Linifanib,MPVGZUGXCQEXTM-UHFFFAOYSA-N
XL-228,ALKJNCZNEOTEMP-UHFFFAOYSA-N
PF-04691502,XDLYKKIQACFMJG-WKILWMFISA-N
Ceritinib,VERWOWGGCGHDQE-UHFFFAOYSA-N
3PO,UJJUKZPBUMCSJZ-BQYQJAHWSA-N
TAK-901,WKDACQVEJIVHMZ-UHFFFAOYSA-N
Cloturin,OQBORDVFGPUGDV-UHFFFAOYSA-N
Mitoquinone mesylate,OIIMUKXVVLRCAF-UHFFFAOYSA-N
XL-999,DMQYDVBIPXAAJA-VHXPQNKSSA-N
MCN 6186,WPSYODSLCGCWDB-UHFFFAOYSA-N
CHS-828,BOIPLTNGIAPDBY-UHFFFAOYSA-N
Teglarinad chloride,RXXJCNMVVRGOJB-UHFFFAOYSA-O
AVP-13358,LUPHOOKVGNVAFT-UHFFFAOYSA-N
Cevipabulin,ZUZPCOQWSYNWLU-VIFPVBQESA-N
SN-38,FJHBVJOVLFPMQE-QFIPXVFZSA-N
NELFINAVIR MESYLATE,QAGYKUNXZHXKMR-HKWSIXNMSA-N
Mefloquine hydrochloride,XEEQGYMUWCZPDN-DOMZBBRYSA-N
MEFLOQUINE HYDROCHLORIDE,XEEQGYMUWCZPDN-UHFFFAOYSA-N
Fluorouracil,GHASVSINZRGABV-UHFFFAOYSA-N
[18F]5-FU,GHASVSINZRGABV-SFIIULIVSA-N
Astemizole,GXDALQBWZGODGZ-UHFFFAOYSA-N
CP-66948,OZSXWXGDJLBJQO-UHFFFAOYSA-N
Flosatidil,MJOGWNMYQLVUOU-UHFFFAOYSA-N
CRA-026440,OHUCIUMMEAYVKS-UHFFFAOYSA-N
Pimitespib,NVVPMZUGELHVMH-UHFFFAOYSA-N
Daniquidone,SRIOCKJKFXAKHK-UHFFFAOYSA-N
Acolbifene hydrochloride,DUYNJNWVGIWJRI-LJAQVGFWSA-N
Peruvoside,PMTSPAGBAFCORP-YAIMHKQCSA-N
DIHYDROARTEMISININ,BJDCWCLMFKKGEE-DOUYTJENSA-N
KPE-02001003,BJDCWCLMFKKGEE-CMDXXVQNSA-N
Artenimol,BJDCWCLMFKKGEE-ISOSDAIHSA-N
"SCD1 inhibitors, Abbott",CVCSXPUVXCTFBC-UHFFFAOYSA-N
Minnelide,QROUIGQWVUTWFM-RWBWCDHPSA-N
Linetastine,LUOUCHOLMUUZBO-SVSXJNCISA-N
R-82913,RCSLUNOLLUVOOG-NSHDSACASA-N
Methotrexate,FBOZXECLQNJBKD-ZDUSSCGKSA-N
METHOTREXATE SODIUM,FBOZXECLQNJBKD-UHFFFAOYSA-N
SN-22995,XBGNERSKEKDZDS-UHFFFAOYSA-N
LANATOSIDE C,JAYAGJDXJIDEKI-NZMOZTRRSA-N
LANATOSIDE B,XVAPNQFQPDAROQ-CAPSWCROSA-N
DIGITOXIN,WDJUZGPOPHTGOT-UHFFFAOYSA-N
Thalicarpine,ZCTJIMXXSXQXRI-KYJUHHDHSA-N
THALIBLASTINE,ZCTJIMXXSXQXRI-UHFFFAOYSA-N
Anhydrovinblastine,FFRFGVHNKJYNOV-DOVUUNBWSA-N
ANHYDROVINBLASTINE,FFRFGVHNKJYNOV-ULCYVWNCSA-N
anhydrovinblastine,FFRFGVHNKJYNOV-ZCIMLLHDSA-N
BI-847325,FLBNLJLONKAPLR-DQSJHHFOSA-N
6-METHYLMERCAPTOPURINE RIBOSIDE,ZDRFDHHANOYUTE-IOSLPCCCSA-N
CETALKONIUM CHLORIDE,QDYLMAYUEZBUFO-UHFFFAOYSA-N
YM-430,HBXMSJLNXYLVTA-KCWPFWIISA-N
YM-15430-1,HBXMSJLNXYLVTA-HOFKKMOUSA-N
Artemisone,FDMUNKXWYMSZIR-NQWKWHCYSA-N
ARTEMISONE,FDMUNKXWYMSZIR-JPDDNCELSA-N
GSK-1004723,YANGEESWIGIKOP-UUWRZZSWSA-N
SIM-6080,NOMSFNRBXCWAIE-UHFFFAOYSA-N
Intoplicine,QROONAIPJKQFMC-UHFFFAOYSA-N
Tinostamustine,GISXTRIGVCKQBX-UHFFFAOYSA-N
CC-115,GMYLVKUGJMYTFB-UHFFFAOYSA-N
CLOBENZTROPINE,OCAXFDULERPAJM-UHFFFAOYSA-N
CETRIMIDE,GLFDLEXFOHUASB-UHFFFAOYSA-N
KPT-9274,MRFOPLWJZULAQD-SWGQDTFXSA-N
Ponatinib,PHXJVRSECIGDHY-UHFFFAOYSA-N
Telotristat etiprate,MDSQOJYHHZBZKA-GBXCKJPGSA-N
Penfluridol,MDLAAYDRRZXJIF-UHFFFAOYSA-N
Sorafenib,MLDQJTXFUGDVEO-UHFFFAOYSA-N
Donafenib,MLDQJTXFUGDVEO-FIBGUPNXSA-N
Lomitapide,MBBCVAKAJPKAKM-UHFFFAOYSA-N
Darapladib,WDPFJWLDPVQCAJ-UHFFFAOYSA-N
Tibenzonium,ACUUQWSCHVQRKK-UHFFFAOYSA-N
Tafenoquine succinate,LBHLFPGPEGDCJG-UHFFFAOYSA-N
Avarol,JSPUCPNQXKTYRO-LWILDLIXSA-N
Bazedoxifene acetate,UCJGJABZCDBEDK-UHFFFAOYSA-N
PF-04928473,ZFVRYNYOPQZKDG-MQMHXKEQSA-N
PUROMYCIN,RXWNCPJZOCPEPQ-DYIOZPFISA-N
Pexmetinib,LNMRSSIMGCDUTP-UHFFFAOYSA-N
Edelfosine,MHFRGQHAERHWKZ-UHFFFAOYSA-N
Gandotinib,SQSZANZGUXWJEA-UHFFFAOYSA-N
Nirogacestat,VFCRKLWBYMDAED-REWPJTCUSA-N
Rocilinostat,QGZYDVAGYRLSKP-UHFFFAOYSA-N
XL-888,LHGWWAFKVCIILM-HLRQEUIKSA-N
VORINOSTAT,WAEXFXRVDQXREF-UHFFFAOYSA-N
ZSTK-474,HGVNLRPZOWWDKD-UHFFFAOYSA-N
NVP-HSP990,WSMQUUGTQYPVPD-OAHLLOKOSA-N
Vidofludimus,XPRDUGXOWVXZLL-UHFFFAOYSA-N
Altiratinib,GNNDEPIMDAZHRQ-UHFFFAOYSA-N
Momelotinib dihydrochloride,ZVHNDZWQTBEVRY-UHFFFAOYSA-N
E-2012,PUOAETJYKQITMO-LANLRWRYSA-N
ASP-3026,MGGBYMDAPCCKCT-UHFFFAOYSA-N
CEP-37440,BCSHRERPHLTPEE-NRFANRHFSA-N
Cerdulatinib,BGLPECHZZQDNCD-UHFFFAOYSA-N
R-7112,QBGKPEROWUKSBK-QPPIDDCLSA-N
Rifalazil,UEFHFKKWYKVLDC-HTQYORAHSA-N
Cytochalasin B,GBOGMAARMMDZGR-TYHYBEHESA-N
SB 247464,DHYXCTSDXUOXGE-UHFFFAOYSA-N
oprozomib,SWZXEVABPLUDIO-QNLBTCDKSA-N
Oprozomib,SWZXEVABPLUDIO-WSZYKNRRSA-N
R-547,JRNJNYBQQYBCLE-UHFFFAOYSA-N
Sapanisertib,GYLDXIAOMVERTK-UHFFFAOYSA-N
Milciclib,RXZMYLDMFYNEIM-UHFFFAOYSA-N
Bemcentinib,KXMZDGSRSGHMMK-VWLOTQADSA-N
PF-3882845,XNULRSOGWPFPBL-REWPJTCUSA-N
RAFOXANIDE,NEMNPWINWMHUMR-UHFFFAOYSA-N
FLUOROSALAN,VYKKDKFTDMVOBU-UHFFFAOYSA-N
SB-743921,PGXYIBJJCLWJST-MUUNZHRXSA-N
NIGULDIPINE,SVJMLYUFVDMUHP-MGBGTMOVSA-N
PF-03814735,RYYNGWLOYLRZLK-UHFFFAOYSA-N
Silmitasertib,MUOKSQABCJCOPU-UHFFFAOYSA-N
Gedatolisib,DWZAEMINVBZMHQ-UHFFFAOYSA-N
Dactolisib,JOGKUKXHTYWRGZ-UHFFFAOYSA-N
Clofazimine,WDQPAMHFFCXSNU-BGABXYSRSA-N
"clofazimine, Novartis",WDQPAMHFFCXSNU-KRUMMXJUSA-N
Emetine,AUVVAXYIELKVAI-CKBKHPSWSA-N
CLOFLUCARBAN,ZFSXZJXLKAJIGS-UHFFFAOYSA-N
Niclosamide,RJMUSRYZPJIFPJ-UHFFFAOYSA-N
Iodoquinol,UXZFQZANDVDGMM-UHFFFAOYSA-N
Luminespib,NDAZATDQFDPQBD-UHFFFAOYSA-N
NVP-BGT226,BMMXYEBLEBULND-UHFFFAOYSA-N
Valnemulin,LLYYNOVSVPBRGV-MVNKZKPCSA-N
Bederocin,BGJMKHPWCFXMOW-UHFFFAOYSA-N
Gentian violet,LGLFFNDHMLKUMI-UHFFFAOYSA-N
DITIOCARB,LMBWSYZSUOEYSN-UHFFFAOYSA-N
Clotrimazole,VNFPBHJOKIVQEB-UHFFFAOYSA-N
SAR-260093,NFTMKHWBOINJGM-UHFFFAOYSA-N
Regorafenib,FNHKPVJBJVTLMP-UHFFFAOYSA-N
Sirolimus,QFJCIRLUMZQUOT-HPLJOQBZSA-N
SIROLIMUS,QFJCIRLUMZQUOT-BLBZBZKNSA-N
Triptolide,DFBIRQPKNDILPW-CIVMWXNOSA-N
RGB-286638,XLSYZSRXVVCHLS-UHFFFAOYSA-N
AZD-8055,KVLFRAWTRWDEDF-IRXDYDNUSA-N
Phenazopyridine hydrochloride,QPFYXYFORQJZEC-FOCLMDBBSA-N
phenazopyridine hydrochloride,QPFYXYFORQJZEC-UHFFFAOYSA-N
Gossypol,QBKSWRVVCFFDOT-UHFFFAOYSA-N
Mitoxantrone hydrochloride,KKZJGLLVHKMTCM-UHFFFAOYSA-N
Eltrombopag olamine,XDXWLKQMMKQXPV-QYQHSDTDSA-N
Zotarolimus,CGTADGCBEXYWNE-JUKNQOCSSA-N
BMS 387032,OUSFTKFNBAZUKL-UHFFFAOYSA-N
SNS-032,VWFVZMKHYHIITN-CEAXSRTFSA-N
Apitolisib,YOVVNQKCSKSHKT-HNNXBMFYSA-N
Pyrvinium pamoate,OOPDAHSJBRZRPH-UHFFFAOYSA-L
Dactinomycin,RJURFGZVJUQBHK-IIXSONLDSA-N
DACTINOMYCIN,RJURFGZVJUQBHK-AQDADIDBSA-N
"Act D, Rasna Therapeutics",RJURFGZVJUQBHK-ONBOYWQVSA-N
Lestaurtinib,UIARLYUEJFELEN-LROUJFHJSA-N
THIMEROSOL,HXQVQGWHFRNKMS-UHFFFAOYSA-M
MLN-576,ACAXGYADTLFREX-CQSZACIVSA-N
NUC-1031,NHTKGYOMICWFQZ-KKQYNPQSSA-N
Fosgemcitabine palabenamide,NHTKGYOMICWFQZ-PCFRKJDASA-N
idarubicin,XDXDZDZNSLXDNA-MBQQHZQPSA-N
IDARUBICIN HYDROCHLORIDE,XDXDZDZNSLXDNA-YMYDAGKFSA-N
Zotiraciclib citrate,VXBAJLGYBMTJCY-NSCUHMNNSA-N
AVASIMIBE,PTQXTEKSNBVPQJ-UHFFFAOYSA-N
Omacetaxine mepesuccinate,HYFHYPWGAURHIV-JFIAXGOJSA-N
HOMOHARRINGTONINE,HYFHYPWGAURHIV-OEKAEXPJSA-N
omacetaxine mepesuccinate,HYFHYPWGAURHIV-UHFFFAOYSA-N
CHELERYTHRINE,LLEJIEBFSOEYIV-UHFFFAOYSA-N
HEXACHLOROPHENE,ACGUYXCXAPNIKK-UHFFFAOYSA-N
CRS-3123,NNTYBKTXMKBRFA-CQSZACIVSA-N
DESLANOSIDE,OBATZBGFDSVCJD-UHFFFAOYSA-N
Doxorubicin hydrochloride,AOJJSUZBOXZQNB-TZSSRYMLSA-N
"doxorubicin, Merrimack",AOJJSUZBOXZQNB-BLSUDJMZSA-N
OBATOCLAX,RFTSSZJZXOSICM-GRSHGNNSSA-N
obatoclax,RFTSSZJZXOSICM-UHFFFAOYSA-N
Obatoclax mesylate,RFTSSZJZXOSICM-VXLYETTFSA-N
Tibezonium iodide,MAJFXTGRPADJLU-UHFFFAOYSA-N
ALEXIDINE,LFVVNPBBFUSSHL-UHFFFAOYSA-N
CHROMOMYCIN A3,ZYVSOIYQKUDENJ-WKSBCEQHSA-N
Piritrexim,VJXSSYDSOJBUAV-UHFFFAOYSA-N
Alvocidib hydrochloride,BIIVYFLTOXDAOV-YVEFUNNKSA-N
FLAVOPIRIDOL,BIIVYFLTOXDAOV-PXAZEXFGSA-N
alvocidib,BIIVYFLTOXDAOV-UHFFFAOYSA-N
Debio-1143,LSXUTRRVVSPWDZ-MKKUMYSQSA-N
VX-944,GYCPCOJTCINIFZ-OXJNMPFZSA-N
AVN-944,GYCPCOJTCINIFZ-UHFFFAOYSA-N
JNJ-16241199,MUTBJZVSRNUIHA-UHFFFAOYSA-N
pirarubicin,KMSKQZKKOZQFFG-CXNRHWHDSA-N
PIRARUBICIN,KMSKQZKKOZQFFG-NCXNULAVSA-N
Retapamulin,STZYTFJPGGDRJD-NHUWBDDWSA-N
retapamulin,STZYTFJPGGDRJD-DZWVMGGRSA-N
RETAPAMULIN,STZYTFJPGGDRJD-UWVUQBMESA-N
PNU 176798,FGUCVLMMGZZQBB-NSHDSACASA-N
1954U89,YBHNZQJIFKDDHM-UHFFFAOYSA-N
Epirubicin hydrochloride,AOJJSUZBOXZQNB-VTZDEGQISA-N
quelamycin,AOJJSUZBOXZQNB-OUSUFOHXSA-N
DOXORUBICIN HYDROCHLORIDE,AOJJSUZBOXZQNB-XUURITFCSA-N
Prochlorperazine maleate,WIKYUJGCLQQFNW-UHFFFAOYSA-N
SB-2343,QYBGBLQCOOISAR-UHFFFAOYSA-N
Panulisib,VJLRLTSXTLICIR-AUGOTPMTSA-N
Paxalisib,LGWACEZVCMBSKW-UHFFFAOYSA-N
KF 20444,LYVZEIIGDIHNFA-UHFFFAOYSA-N
AMPHOTALIDE,GIIGAFADHXYOPM-UHFFFAOYSA-N
F 0401,CSBQPRGTYHAYKS-AATRIKPKSA-N
RP 42927,BEJJGVDFQORITE-UHFFFAOYSA-N
MLN-7243,KJDAGXLMHXUAGV-DGWLBADLSA-N
Sanguinarium chloride,INVGWHRKADIJHF-UHFFFAOYSA-N
Everolimus,HKVAMNSJSFKALM-GKUWKFKPSA-N
EVEROLIMUS,HKVAMNSJSFKALM-ADNAJIBWSA-N
Samotolisib,ACCFLVVUVBJNGT-AWEZNQCLSA-N
Harringtonine,HAVJATCHLFRDHY-KSZYUSJVSA-N
Bay-y-5959,PHJVBZVDUNTGNR-UHFFFAOYSA-N
JTK-109,NIBYCXOKANETJM-UHFFFAOYSA-N
METHYLBENZETHONIUM CHLORIDE,UQOOPIMXBSPVJI-UHFFFAOYSA-N
Fimepinostat mesylate,JOWXJLIFIIOYMS-UHFFFAOYSA-N
ASP-7486,JROFGZPOBKIAEW-HAQNSBGRSA-N
TYROTHRICIN,NLJVXZFCYKWXLH-DXTIXLATSA-N
bisnafide,PXBZKHOQHTVCSQ-QZTJIDSGSA-N
OLEANDRIN,JLPDBLFIVFSOCC-KRNKPDPWSA-N
MP-470,FOFDIMHVKGYHRU-UHFFFAOYSA-N
TIFLAMIZOLE,XUOAKFNMJMYKBY-UHFFFAOYSA-N
BCNA,MFGSDSRTGUVZQG-DFQSSKMNSA-N
Toyocamycin,XOKJUSAYZUAMGJ-WOUKDFQISA-N
TZI-41078,QNPNRSMUYWHWJK-RELWKKBWSA-N
AXT-914,KIZITKARUSPCHY-UHFFFAOYSA-N
Hyperforin-DCHA,KGSZHKRKHXOAMG-HQKKAZOISA-N
OSI-027,JROFGZPOBKIAEW-UHFFFAOYSA-N
MGB-BP-3,OEKXCVYZBVOWBR-BQYQJAHWSA-N
BC-3205,AFYOQRIZFPJUAR-KOBPMBMUSA-N
E-1210,WSEKTEUGRLFBSE-UHFFFAOYSA-N
GBB-83698,IBEANEPZNLVRRY-RCZVLFRGSA-N
Mivebresib,RDONXGFGWSSFMY-UHFFFAOYSA-N
Tecarfarin,QFLNTQDOVCLQKW-UHFFFAOYSA-N
Camobucol,FGBGXESDYFKUFX-UHFFFAOYSA-N
PPA904,CEDYGBVPEGWDRP-UHFFFAOYSA-N
Edicotinib,BNVPFDRNGHMRJS-UHFFFAOYSA-N
BPD-MAD,MNCZEEFHIBYYSK-SUPIZNKRSA-N
BMS-986202,GQBRZBHEPUQRPL-LJQANCHMSA-N
Pyrithione Zinc,PICXIOQBANWBIZ-UHFFFAOYSA-N
Quinupristin mesilate,WTHRRGMBUAHGNI-LCYNINFDSA-N
QUINUPRISTIN,WTHRRGMBUAHGNI-NCNRFQDUSA-N
BLASTOMYCIN,BCJWHMFDQMMITC-AVPXBJHFSA-N
HYDROXOCOBALAMIN,DQOCFCZRZOAIBN-IGSMZKJXSA-K
DIGOXIN,LTMHDMANZUZIPE-UHFFFAOYSA-N
Avapritinib,DWYRIWUZIJHQKQ-SANMLTNESA-N
ADOZELESIN,BYRVKDUQDLJUBX-UHFFFAOYSA-N
Adozelesin,BYRVKDUQDLJUBX-JJCDCTGGSA-N
Becatecarin,JSKFWUPVIZYJMR-UDOAKELVSA-N
CANDICIDIN,OPGSFDUODIJJGF-DVODSNNVSA-N
Ladirubicin,VMDWTZZCNDEKIO-CBNJBKGYSA-N
ladirubicin,VMDWTZZCNDEKIO-DQOZUZPWSA-N
RH1,JKDLOGLNPDVUCX-UHFFFAOYSA-N
VX-148,PJFQWSNOXLEDDZ-MGPUTAFESA-N
Chiglitazar,QNLWMPLUWMWDMQ-YTTGMZPUSA-N
WR-158122,GBVQWZXJDIIUCC-UHFFFAOYSA-N
IMD-0560,SVGRIJCSKWXOPA-UHFFFAOYSA-N
CuATSM,SBHDKYTVDCRMOE-JPAPVDFESA-L
[64Cu]ATSM,SBHDKYTVDCRMOE-NLRRAJSESA-L
[62Cu]ATSM,SBHDKYTVDCRMOE-BUXSGADYSA-L
BAY-1251152,YZCUMZWULWOUMD-UHFFFAOYSA-N
Amodiaquine,OVCDSSHSILBFBN-UHFFFAOYSA-N
Ganaplacide phosphate,BUPRVECGWBHCQV-UHFFFAOYSA-N
Brequinar sodium,PHEZJEYUWHETKO-UHFFFAOYSA-N
CBLC 137,JKCSODVERGVDLT-UHFFFAOYSA-N
XR-5944,SFOADSRLCHRTKT-UHFFFAOYSA-N
Tetomilast,XDBHURGONHZNJF-UHFFFAOYSA-N
ECHINOMYCIN,AUJXLBOHYWTPFV-UHFFFAOYSA-N
A 81834,GCWOCVTZGLAYIS-FNTLCPBMSA-N
Fenticonazole nitrate,ZCJYUTQZBAIHBS-UHFFFAOYSA-N
ARQ-621,UPJSUQWHUVLLNW-XMMPIXPASA-N
Dacomitinib,LVXJQMNHJWSHET-AATRIKPKSA-N
PHA-793887,HUXYBQXJVXOMKX-UHFFFAOYSA-N
Crenolanib besylate,DYNHJHQFHQTFTP-UHFFFAOYSA-N
Riviciclib hydrochloride,QLUYMIVVAYRECT-OCCSQVGLSA-N
riviciclib,QLUYMIVVAYRECT-PYMCNQPYSA-N
SCH-900776,GMIZZEXBPRLVIV-UHFFFAOYSA-N
(-)-SCH-900776,GMIZZEXBPRLVIV-VIFPVBQESA-N
MK 8776,GMIZZEXBPRLVIV-SECBINFHSA-N
Ispinesib mesylate,QJZRFPJCWMNVAV-HHHXNRCGSA-N
Verdinexor,OPAKEJZFFCECPN-XQRVVYSFSA-N
Copanlisib hydrochloride,PZBCKZWLPGJMAO-UHFFFAOYSA-N
Tirbanibulin,HUNGUWOZPQBXGX-UHFFFAOYSA-N
NPC 15437,HXQRGYNEDCHJPJ-UHFFFAOYSA-N
AZD-7762,IAYGCINLNONXHY-GFCCVEGCSA-N
Volasertib,SXNJFOWDRLKDSF-STROYTFGSA-N
SB 262470,PZUJQWHTIRWCID-HXUWFJFHSA-N
Pyroxamide,PTJGLFIIZFVFJV-UHFFFAOYSA-N
Tozasertib,GCIKSSRWRFVXBI-UHFFFAOYSA-N
Pelitinib,WVUNYSQLFKLYNI-AATRIKPKSA-N
AQ-13,NCPLTAGJJVCHOW-UHFFFAOYSA-N
Taltobulin,CNTMOLDWXSVYKD-PSRNMDMQSA-N
Abexinostat,MAUCONCHVWBMHK-UHFFFAOYSA-N
Foretinib,CXQHYVUVSFXTMY-UHFFFAOYSA-N
MK-4827,PCHKPVIQAHNQLW-CQSZACIVSA-N
Belinostat,NCNRHFGMJRPRSK-MDZDMXLPSA-N
Crizotinib,KTEIFNKAUNYNJU-GFCCVEGCSA-N
Bortezomib,GXJABQQUPOEUTA-RDJZCZTQSA-N
Tanespimycin,AYUNIORJHRXIBJ-TXHRRWQRSA-N
17-AAG,AYUNIORJHRXIBJ-BGGMETADSA-N
tanespimycin,AYUNIORJHRXIBJ-DCKFFROFSA-N
Atiprimod hydrochloride,SERHTTSLBVGRBY-UHFFFAOYSA-N
Topixantrone hydrochloride,ZHAKYGFJVGCOAE-UHFFFAOYSA-N
Nifurzide,IDUMOVRJNBNOTR-BIZLIJPVSA-N
ETHOXAZENE,GAWOVNGQYQVFLI-ISLYRVAYSA-N
Amsacrine,XCPGHVQEEXUHNC-UHFFFAOYSA-N
Mercaptopurine,GLVAUDGFNGKCSF-UHFFFAOYSA-N
Buparlisib,CWHUFRVAEUJCEF-UHFFFAOYSA-N
Masitinib mesylate,WJEOLQLKVOPQFV-UHFFFAOYSA-N
Perphenazine,RGCVKNLCSQQDEP-UHFFFAOYSA-N
Resminostat hydrochloride,FECGNJPYVFEKOD-VMPITWQZSA-N
Hydroxychloroquine sulfate,XXSMGPRMXLTPCZ-UHFFFAOYSA-N
Bufogenin,ATLJNLYIJOCWJE-CWMZOUAVSA-N
RESIBUFOGENIN,ATLJNLYIJOCWJE-NEKURZDCSA-N
Tioguanine,WYWHKKSPHMUBEB-UHFFFAOYSA-N
Ametantrone acetate,FFGSXKJJVBXWCY-UHFFFAOYSA-N
SAX-187,RYBOXBBYCVOYNO-UHFFFAOYSA-N
MP-412,ZAJXXUDARPGGOC-UHFFFAOYSA-N
Prexasertib mesylate,DOTGPNHGTYJDEP-UHFFFAOYSA-N
sertraline hydrochloride,VGKDLMBJGBXTGI-SJKOYZFVSA-N
Sertraline hydrochloride,VGKDLMBJGBXTGI-SJCJKPOMSA-N
SGI-1776,MHXGEROHKGDZGO-UHFFFAOYSA-N
Oracine,LRHPCRBOMKRVOA-UHFFFAOYSA-N
Verubulin hydrochloride,SNHCRNMVYDHVDT-UHFFFAOYSA-N
DA-3003,BMKPVDQDJQWBPD-UHFFFAOYSA-N
CUDC-101,PLIVFNIUGLLCEK-UHFFFAOYSA-N
OUABAIN,LPMXVESGRSUGHW-SVSHUDIKSA-N
PU-H71,SUPVGFZUWFMATN-UHFFFAOYSA-N
[124I]PUH-71,SUPVGFZUWFMATN-JVYRTNJDSA-N
BI-2536,XQVVPGYIWAGRNI-JOCHJYFZSA-N
Afatinib,ULXXDDBFHOBEHA-CWDCEQMOSA-N
[18F]Afatinib,ULXXDDBFHOBEHA-XDXRKHGRSA-N
afatinib,ULXXDDBFHOBEHA-QDLOVBKTSA-N
Golvatinib tartrate,UQRCJCNVNUFYDX-UHFFFAOYSA-N
PF-477736,NDEXUOWTGYUVGA-LJQANCHMSA-N
Imidazoacridinone,CUNDRHORZHFPLY-UHFFFAOYSA-N
Artesunate/amodiaquine,FNDVKMABQZJHKI-GMDKYCAISA-N
Artesunate/mefloquine,LHRJCEIKDHGLPS-IWBSMJKCSA-N
Artesunate/pyronaridine,VSFFUSPKBRIFBM-JYDXWFRCSA-N
Vindesine,HHJUWIANJFBDHT-KOTLKJBCSA-N
Colchicine,IAKHMKGGTNLKSZ-INIZCTEOSA-N
BRL-6231,MJZJYWCQPMNPRM-UHFFFAOYSA-N
SSR-146977,XWPBINGFFFZAOZ-UMSFTDKQSA-N
HKI-357,NERXPXBELDBEPZ-RMKNXTFCSA-N
DESMETHYLASTEMIZOLE,LAGYWHSFHIMTPE-UHFFFAOYSA-N
CPG-52364,TUOZJWZCVIRDKO-UHFFFAOYSA-N
590-S,JADGCGSQDUSAED-UHFFFAOYSA-N
UCL-1608,ZKLIBSYZMKSRJE-UHFFFAOYSA-N
BN-82685,MTUYOFGUEXWKLC-UHFFFAOYSA-N
Naphthoquine phosphate,VEVMYTDOWUQLGI-UHFFFAOYSA-N
ZOSUQUIDAR,IHOVFYSQUDPMCN-XAKVHENESA-N
zosuquidar trihydrochloride,IHOVFYSQUDPMCN-QKUIIBHLSA-N
PF-562271,MZDKLVOWGIOKTN-UHFFFAOYSA-N
Sepantronium bromide,OTSOOHRUMBRSHZ-UHFFFAOYSA-N
AG-14699,HMABYWSNWIZPAG-UHFFFAOYSA-N
Mitonafide,XXVLKDRPHSFIIB-UHFFFAOYSA-N
Revaprazan hydrochloride,LECZXZOBEZITCL-UHFFFAOYSA-N
REVAPRAZAN,LECZXZOBEZITCL-INIZCTEOSA-N
ACRANIL,UDDPPYHULIXFDV-UHFFFAOYSA-N
PLASMOCID,WIPRQKODGRKUEW-UHFFFAOYSA-N
N-tert-Butylisoquine,ZVMMVSSEAMUNGI-UHFFFAOYSA-N
PRT-2607,TXGKRVFSSHPBAJ-JKSUJKDBSA-N
Mocetinostat dihydrobromide,HRNLUBSXIHFDHP-UHFFFAOYSA-N
Strophanthidine,ODJLBQGVINUMMR-HZXDTFASSA-N
Manidipine,ANEBWFXPVPTEET-UHFFFAOYSA-N
Metoprine,VQJHOPSWBGJHQS-UHFFFAOYSA-N
Patupilone,QXRSDHAAWVKZLJ-PVYNADRNSA-N
Adavosertib,BKWJAKQVGHWELA-UHFFFAOYSA-N
TICLATONE,POPOYOKQQAEISW-UHFFFAOYSA-N
Ataluren,OOUGLTULBSNHNF-UHFFFAOYSA-N
trans-Resveratrol,LUKBXSAWLPMMSZ-OWOJBTEDSA-N
ADAPHOSTIN,YJZSUCFGHXQWDM-UHFFFAOYSA-N
WITHAFERIN A,DBRXOUCRJQVYJQ-RTZFTBETSA-N
INX-08189,YFXGICNMLCGLHJ-RSKRLRQZSA-N
HYCANTHONE,MFZWMTSUNYWVBU-UHFFFAOYSA-N
Melarsoprol,JCYZMTMYPZHVBF-UHFFFAOYSA-N
Trimetrexate,NOYPYLRCIDNJJB-UHFFFAOYSA-N
AG-24322,MEKASOQEXYKAKM-UHFFFAOYSA-N
DOXAMINOL,SZQLTQPHXXXMNC-UHFFFAOYSA-N
Edotecarin,QMVPQBFHUJZJCS-NTKFZFFISA-N
EDOTECARIN,QMVPQBFHUJZJCS-FEFYABCISA-N
edotecarin,QMVPQBFHUJZJCS-AKGYMOPHSA-N
Glenvastatin,LJIZUXQINHXGAO-ITWZMISCSA-N
glenvastatin,LJIZUXQINHXGAO-OUKQBFOZSA-N
L-796568,MSOUIIHPMJCUNI-LJAQVGFWSA-N
Pharmaprojects No. 6518,JAUARQFUHQYXHN-UHFFFAOYSA-N
PNU-166148,PADXFHBBNBUCNR-UMSFTDKQSA-N
Namitecan,IBTISPLPBBHVSU-UVOOVGFISA-N
ARRY-575,BAZRWWGASYWYGB-SNVBAGLBSA-N
MPC-3100,CVBWTNHDKVVFMI-LBPRGKRZSA-N
Pralatrexate,OGSBUKJUDHAQEA-WMCAAGNKSA-N
10-propargyl-10-deazaaminopterin,OGSBUKJUDHAQEA-UHFFFAOYSA-N
PRALATREXATE,OGSBUKJUDHAQEA-IURRXHLWSA-N
Vinflunine,NMDYYWFGPIMTKO-HBVLKOHWSA-N
vinflunine,NMDYYWFGPIMTKO-UXSVTQCRSA-N
VINFLUNINE,NMDYYWFGPIMTKO-ZSRSGXGDSA-N
Ivaltinostat,AUGCSOFQTDKPSO-RGVLZGJSSA-N
WIN 33156,WMTNMICVHUBQRW-UHFFFAOYSA-N
CEPHAELINE,DTGZHCFJNDAHEN-RCBISRMCSA-N
INO-5042,VJKZUTFFMNSTTD-UHFFFAOYSA-N
PHA-690509,NFSKEXQRNDSSAN-NSHDSACASA-N
H-327,SCAGLYMBBLMFND-UHFFFAOYSA-N
Fluorapacin,XCOWUOOCXCXCNS-UHFFFAOYSA-N
MLN-3897,ZGFJFBOLVLFLLN-MOLVWPNASA-N
10-Deazaaminopterin,LGFLRHWJJKLPCC-ZDUSSCGKSA-N
SR-26050,CPRASSMXAHKLHY-UHFFFAOYSA-N
Lurtotecan,RVFGKBWWUQOIOU-NDEPHWFRSA-N
ER 37328,OEAXOGPMLCXNMV-UHFFFAOYSA-N
Retelliptine,PAVKBQLPQCDVNI-UHFFFAOYSA-N
CYMARINE,XQCGNURMLWFQJR-HLPDFKCVSA-N
CONVALLATOXIN,HULMNSIAKWANQO-UZQFYTNMSA-N
GITOXIN,LKRDZKPBAOKJBT-CNPIRKNPSA-N
LANATOSIDE A,YFGQJKBUXPKSAW-OQHPCPMASA-N
PROSCILLARIDIN,MYEJFUXQJGHEQK-DYDCTSDLSA-N
Proscillaridin,MYEJFUXQJGHEQK-CZIOHNRYSA-N
Triazinate,WJHBDAIAIDOONY-UHFFFAOYSA-N
P-3622,DBXHTQKBPYCCQK-GHVJWSGMSA-N
(-)-Epicatechin gallate,LSHVYAFMTMFKBA-TZIWHRDSSA-N
Ixabepilone,FABUFPQFXZVHFB-PVYNADRNSA-N
Adarotene,QAWBIEIZDDIEMW-FPYGCLRLSA-N
Fluorocyclopentenylcytosine,QLLGKCJUPWYJON-HLTSFMKQSA-N
Mycophenolate mofetil,RTGDFNSFWBGLEC-SYZQJQIISA-N
mycophenolate mofetil,RTGDFNSFWBGLEC-TVPGTPATSA-N
Mycophenolic acid sodium salt,HPNSFSBZBAHARI-RUDMXATFSA-N
CH-5183284,BEMNJULZEQTDJY-UHFFFAOYSA-N
TRIBROMSALAN,KVSKGMLNBAPGKH-UHFFFAOYSA-N
RM-5038,BVLLRNZKAURPNA-UHFFFAOYSA-N
PYRAZOFURIN,XESARGFCSKSFID-FLLFQEBCSA-N
AZAURIDINE,WYXSYVWAUAUWLD-SHUUEZRQSA-N
AZARIBINE,QQOBRRFOVWGIMD-OJAKKHQRSA-N
APO-866,KPBNHDGDUADAGP-VAWYXSNFSA-N
BUFENIODE,RFIXURDMUINBMD-UHFFFAOYSA-N
OSU-03012,YULUCECVQOCQFQ-UHFFFAOYSA-N
CP 96021,DXTYGLAQRALLEG-LFYBBSHMSA-N
D-3263 HCl,ZGTYTFYRCIRWBL-HYVNUMGLSA-N
LY 353433,QEZYDSSGVBTNBH-UHFFFAOYSA-N
Amcasertib,QDWKGEFGLQMDAM-JJIBRWJFSA-N
DAT-582,KDCVCMJTEQZMEL-GOSISDBHSA-N
BMS-299897,IZAOBRWCUGOKNH-OAHLLOKOSA-N
ZK-304709,OALDDSAHYZPJQM-UHFFFAOYSA-N
Denibulin hydrochloride,GAOHLWCIAJNSEE-JTQLQIEISA-N
Bitolterol mesylate,FZGVEKPRDOIXJY-UHFFFAOYSA-N
Adaprolol maleate,IPGLIOFIFLXLKR-UHFFFAOYSA-N
spiroplatin,UBUIUJDXHGPJQV-UHFFFAOYSA-L
Perhexiline maleate,CYXKNKQEMFBLER-UHFFFAOYSA-N
Amelparib,WBBZUHMHBSXBDT-UHFFFAOYSA-N
Aranidipine,NCUCGYYHUFIYNU-UHFFFAOYSA-N
Pamiparib,DENYZIUJOTUUNY-MRXNPFEDSA-N
BMS-433796,HXEHCCYOTHDPPI-NBHSMZAVSA-N
IRISQUINONE,YYCCUFKHCNSRIA-HJWRWDBZSA-N
NMI 221,KHAWQRZRRJLHHX-UHFFFAOYSA-N
Panomifene,MHXVDXXARZCVRK-WCWDXBQESA-N
RGH 2721,FQSDVGNRPHHQCE-UHFFFAOYSA-N
SC 55099,UPKQVEWZTKGCAR-ILWGZMRPSA-N
MK-1597,PGSRKJVMAOWDEC-SXOMAYOGSA-N
ACT-178882,PGSRKJVMAOWDEC-UHFFFAOYSA-N
fenoctimine sulfate,JXPCRJDMUSNASY-WEMUOSSPSA-N
JB-991,UXNJSZBEHANTSL-YGCMUPCZSA-N
Amiselimod hydrochloride,JVCPIJKPAKAIIP-UHFFFAOYSA-N
(-)-Epigallocatechin gallate,WMBWREPUVVBILR-WIYYLYMNSA-N
Biocatechin,PFTAWBLQPZVEMU-DZGCQCFKSA-N
Mavatrep,ORDHXXHTBUZRCN-NTEUORMPSA-N
Rigosertib sodium,OWBFCJROIKNMGD-BQYQJAHWSA-N
NPI-2358,UNRCMCRRFYFGFX-TYPNBTCFSA-N
Pictilisib,LHNIIDJUOCFXAP-UHFFFAOYSA-N
CI-1040,GFMMXOIFOQCCGU-UHFFFAOYSA-N
Tacedinaline,VAZAPHZUAVEOMC-UHFFFAOYSA-N
Fedratinib hydrochloride,JOOXLOJCABQBSG-UHFFFAOYSA-N
AZD-4547,VRQMAABPASPXMW-HDICACEKSA-N
DSM-265,OIZSVTOIBNSVOS-UHFFFAOYSA-N
Chlorpromazine,ZPEIMTDSQAKGNT-UHFFFAOYSA-N
Fingolimod hydrochloride,KKGQTZUTZRNORY-UHFFFAOYSA-N
Entinostat,INVTYAOGFAGBOE-UHFFFAOYSA-N
Miltefosine,PQLXHQMOHUQAKB-UHFFFAOYSA-N
Cobimetinib,BSMCAPRUBJMWDF-QGZVFWFLSA-N
GSK-615,QDITZBLZQQZVEE-YBEGLDIGSA-N
GSK-1059615,QDITZBLZQQZVEE-MHWRWJLKSA-N
Mubritinib,ZTFBIUXIQYRUNT-MDWZMJQESA-N
BAY-87-2243,CDJNNOJINJAXPV-UHFFFAOYSA-N
CHIDAMIDE,WXHHICFWKXDFOW-BJMVGYQFSA-N
EPC-2407,JXONINOYTKKXQQ-CQSZACIVSA-N
Axitinib,RITAVMQDGBJQJZ-FMIVXFBMSA-N
GSK-782443,QBATWTOFDFHEDZ-UHFFFAOYSA-N
DODECARBONIUM CHLORIDE,DYKFIFLJEJVONL-UHFFFAOYSA-O
BMN-673,HWGQMRYQVZSGDQ-HZPDHXFCSA-N
Entospletinib dimesylate,XSMSNFMDVXXHGJ-UHFFFAOYSA-N
CH-5132799,JEGHXKRHKHPBJD-UHFFFAOYSA-N
TAK-733,RCLQNICOARASSR-SECBINFHSA-N
YM 35636,BUXIWTJVINPFPP-UHFFFAOYSA-N
ELN-318463,KTCJYACFOQWRDO-SFHVURJKSA-N
Clopimozide,JCZYXTVBWHAWLL-UHFFFAOYSA-N
Ilorasertib,WPHKIQPVPYJNAX-UHFFFAOYSA-N
SR-125329,PSJNVUMNHFTSSI-SREVYHEPSA-N
VUF 8929,TVGRUCPXRHSHGG-UHFFFAOYSA-N
PRAMIVERINE,SBEOBYJLAQKTQX-UHFFFAOYSA-N
EMD-30533,OEMZSJXPCJVMGB-UHFFFAOYSA-N
BIETASERPINE,WFTSRDISOMSAQC-CYMJSXLZSA-N
Tetrindole,AUXCHYJDVJZEPG-UHFFFAOYSA-N
TETRINDOLE,AUXCHYJDVJZEPG-SFHVURJKSA-N
SEPROXETINE,WIQRCHMSJFFONW-HNNXBMFYSA-N
Olmutinib,FDMQDKQUTRLUBU-UHFFFAOYSA-N
Promethazine hydrochloride,PWWVAXIEGOYWEE-UHFFFAOYSA-N
AZD-2461,HYNBNUYQTQIHJK-UHFFFAOYSA-N
ABT-737,HPLNQCPCUACXLM-PGUFJCEWSA-N
AHR-1911,OEXJBTRYLHGHNY-UHFFFAOYSA-N
GE 68,XPEXCFSBFPOSQR-UHFFFAOYSA-N
YM 58790,YLHJUSKJLHTVJY-UHFFFAOYSA-N
MK-4965,KXDIHAQCVNNLIB-UHFFFAOYSA-N
Entasobulin,LJIUXAHLYIPHOK-UHFFFAOYSA-N
NBI-34041,AKLMUGFDGONMAA-UHFFFAOYSA-N
RG-7603,RGJOJUGRHPQXGF-INIZCTEOSA-N
KM-0118,CQVAQQNDZCZBSU-UHFFFAOYSA-N
2X 121,JLFSBHQQXIAQEC-UHFFFAOYSA-N
Nifedipine,HYIMSNHJOBLJNT-UHFFFAOYSA-N
DIMEFLINE,ZXFQRFXLFWWKLX-UHFFFAOYSA-N
CANTHARIDIN,DHZBEENLJMYSHQ-UHFFFAOYSA-N
Cantharidin,DHZBEENLJMYSHQ-XCVPVQRUSA-N
BX-471,XQYASZNUFDVMFH-CQSZACIVSA-O
Bepridil hydrochloride,UIEATEWHFDRYRU-UHFFFAOYSA-N
paroxetine,AHOUBRCZNHFOSL-UHFFFAOYSA-N
Paroxetine,AHOUBRCZNHFOSL-YOEHRIQHSA-N
Deuterated paroxetine,AHOUBRCZNHFOSL-SVLNYFRSSA-N
Vortioxetine hydrobromide,YQNWZWMKLDQSAC-UHFFFAOYSA-N
Dapivirine,ILAYIAGXTHKHNT-UHFFFAOYSA-N
PHENYLAMINO-PYRIMIDINE,HNAIZJDQDDXEGC-UHFFFAOYSA-N
Begacestat,PSXOKXJMVRSARX-SCSAIBSYSA-N
Etazolate,OPQRBXUBWHDHPQ-UHFFFAOYSA-N
FLM-5011,OOXQDZTUGOJLHK-CZIZESTLSA-N
Podofilox,YJGVMLPVUAXIQN-XVVDYKMHSA-N
Picropodophyllin,YJGVMLPVUAXIQN-HAEOHBJNSA-N
DW 2282,YZBUIQWOLSBWEX-OAQYLSRUSA-N
Dovitinib lactate,PIQCTGMSNWUMAF-UHFFFAOYSA-N
LY-2608204,QIIVJLHCZUTGSD-CUBQBAPOSA-N
AR-LH-31,YLBMXAVGXLBUCX-UHFFFAOYSA-N
KF 66854,USAVJXBLQJXTSR-UHFFFAOYSA-N
Nuvanil,BTKHXNIRAYKGMN-KHPPLWFESA-N
BM 131246,GUTCYOKMCPFRGH-UHFFFAOYSA-N
DOMIPHEN BROMIDE,YXUPZGKORWTXID-UHFFFAOYSA-N
MECLOCYCLINE SULFOSALICYLATE,UYXYCAHJWWZKCQ-CCHMMTNSSA-N
Meclocycline sulfosalicylate,FYSVKUUNXYGFLA-CCHMMTNSSA-N
CETHEXONIUM BROMIDE,YPQVDFLBDPTGLB-UHFFFAOYSA-N
Doxycycline hydrate,JBIWCJUYHHGXTC-AKNGSSGZSA-N
NX-101,UEVKMCOZLJYVNG-FOQLTGGSSA-N
Doxycycline hyclate,SGKRLCUYIXIAHR-AKNGSSGZSA-N
Doxycycline hydrochloride ethanol hydrate,QWWJZZZTRPZNOC-ASRQQUOPSA-N
ACHN-975,GOCUUDXEOKIQRU-GVDBMIGSSA-N
Isofloxythepin,XDBMBHVYXPBOPL-UHFFFAOYSA-N
BMS-906024,AYOUDDAETNMCBW-GSHUGGBRSA-N
Osimertinib mesylate,DUYJMQONPNNFPI-UHFFFAOYSA-N
STILBAMIDINE,MMURVNDSFNJHAM-OWOJBTEDSA-N
AZD-5438,WJRRGYBTGDJBFX-UHFFFAOYSA-N
HALETHAZOLE,TXOKWXJQVFUUDD-UHFFFAOYSA-N
Nitazoxanide,YQNQNVDNTFHQSW-UHFFFAOYSA-N
DODECYL GALLATE,RPWFJAMTCNSJKK-UHFFFAOYSA-N
GW-803430,MWULMTACIBZPGN-UHFFFAOYSA-N
YM 161514,GQJFGCIETONRNJ-UHFFFAOYSA-N
Atofluding,DRXHAKVGNKHFMB-UHFFFAOYSA-N
lexanopadol,AMXGKMSRYLZAEO-YHBQERECSA-N
5(R)-Hydroxytriptolide,OKRSVUYYCJPECG-LFGMFVMYSA-N
MECETRONIUM ETHYLSULFATE,VCAVAURZPNANDQ-UHFFFAOYSA-N
NVP-BQS481,YNIGIJNKAURBRK-CPJSRVTESA-N
SB-616234A,QNLSCNDZNSALTM-OYRHEFFESA-N
Atuveciclib,ACWKGTGIJRCOOM-UHFFFAOYSA-N
CGP 47969A,GFFPVFWRCCFTOC-UHFFFAOYSA-N
S 33084,QQJHRQZZCNYDMX-VPUSJEBWSA-N
PF-5212377,VLFJECXUHXIQBJ-HNNXBMFYSA-N
EVP-0334,ZBYQBWHQMGPCBT-UHFFFAOYSA-N
Dronedarone hydrochloride,ZQTNQVWKHCQYLQ-UHFFFAOYSA-N
Nintedanib,XZXHXSATPCNXJR-ZIADKAODSA-N
Fenretinide,AKJHMTWEGVYYSE-FXILSDISSA-N
Afimoxifene,TXUZVZSFRXZGTL-QPLCGJKRSA-N
trans-4-Hydroxytamoxifen,TXUZVZSFRXZGTL-OCEACIFDSA-N
Entrectinib,HAYYBYPASCDWEQ-UHFFFAOYSA-N
Pimasertib hydrochloride,VIUAUNHCRHHYNE-JTQLQIEISA-N
Avagacestat,XEAOPVUAMONVLA-QGZVFWFLSA-N
DP-4978,HHCBMISMPSAZBF-UHFFFAOYSA-N
R-4733,OJPLJFIFUQPSJR-INIZCTEOSA-N
AEW541,AECDBHGVIIRMOI-GRGXKFILSA-N
Crenigacestat,YCBAQKQAINQRFW-UGSOOPFHSA-N
PFK-158,IAJOMYABKVAZCN-AATRIKPKSA-N
Soblidotin,DZMVCVHATYROOS-ZBFGKEHZSA-N
NGP-555,WDEKUGNKKOGFOA-UHFFFAOYSA-N
4SC-203,MAFACRSJGNJHCF-UHFFFAOYSA-N
E-7974,FWYMMXUDTATKLG-PGLMLKKXSA-N
MINOPAFANT,HGOAIWZFTWACBD-UHFFFAOYSA-O
minopafant,HGOAIWZFTWACBD-FAIXQHPJSA-O
Minopafant,HGOAIWZFTWACBD-RRHRGVEJSA-O
NSC-706744,QCSDJDQOJBQTDV-UHFFFAOYSA-N
Rebastinib tosylate,WVXNSAVVKYZVOE-UHFFFAOYSA-N
nebivolol hydrochloride,KOHIRBRYDXPAMZ-UHFFFAOYSA-N
Emixustat hydrochloride,WJIGGYYSZBWCGC-MRXNPFEDSA-N
ZK-93423,ALBKMJDFBZVHAK-UHFFFAOYSA-N
MK-2206,ULDXWLCXEDXJGE-UHFFFAOYSA-N
Vinorelbine,GBABOYUKABKIAF-IELIFDKJSA-N
vinorelbine,GBABOYUKABKIAF-DAIMWMSVSA-N
VINORELBINE TARTRATE,VKWZKCAGNHQIOJ-DAIMWMSVSA-N
Lexibulin hydrochloride,MTJHLONVHHPNSI-IBGZPJMESA-N
XL-139,KLRRGBHZCJLIEL-UHFFFAOYSA-N
HMR-3339A,JNKQAHJZAUFSLB-BAWYVGMJSA-N
SERM-3339,JNKQAHJZAUFSLB-CDOCHPPGSA-N
Cediranib maleate,XXJWYDDUDKYVKI-UHFFFAOYSA-N
Ethynylcytidine,JFIWEPHGRUDAJN-DYUFWOLASA-N
ELLAGIC ACID,AFSDNFLWKVMVRB-UHFFFAOYSA-N
Phortress,LFDOEFHQLNGBQQ-HNNXBMFYSA-N
Tepotinib hydrochloride,AHYMHWXQRWRBKT-UHFFFAOYSA-N
Birabresib,GNMUEVRJHCWKTO-FQEVSTJZSA-N
UK 25,YEASNVKEKVHQLR-UHFFFAOYSA-N
RWJ-26240,HQDXNTRZJRNPLD-UHFFFAOYSA-N
BP-897,MNHDKMDLOJSCGN-UHFFFAOYSA-N
Ozanimod,XRVDGNKRPOAQTN-FQEVSTJZSA-N
Derazantinib hydrochloride,KPJDVVCDVBFRMU-AREMUKBSSA-N
FLUPENTHIXOL DIHYDROCHLORIDE,NJMYODHXAKYRHW-BLLMUTORSA-N
Flupentixol hydrochloride,NJMYODHXAKYRHW-DVZOWYKESA-N
AT-7519,OVPNQJVDAFNBDN-UHFFFAOYSA-N
ALPHA-MANGOSTIN,GNRIZKKCNOBBMO-UHFFFAOYSA-N
PERIFOSINE,SZFPYBIJACMNJV-UHFFFAOYSA-N
AZD8330,RWEVIPRMPFNTLO-UHFFFAOYSA-N
Setastine hydrochloride,VBSPHZOBAOWFCL-UHFFFAOYSA-O
Mivobulin isethionate,XXBDOTXPQDVHIP-JTQLQIEISA-N
Spiroperidol,DKGZKTPJOSAWFA-UHFFFAOYSA-N
MDL 102588,BQWPMXGVSJTVAL-UHFFFAOYSA-N
TAK-070,SETMAZMOXYOEJA-NRFANRHFSA-N
Goxalapladib,OBJKLVFDRLAGJI-UHFFFAOYSA-N
LG 6101,GDXHUQOLWNEHCJ-UHFFFAOYSA-N
CP 331,SWFXMFDHMPMWMA-UHFFFAOYSA-N
NVX-207,KQZVSTAVTJCKDG-DRSBITMPSA-N
Crisnatol,SBRXTSOCZITGQG-UHFFFAOYSA-N
ACT-077825,VKBBVOVNGWGZCA-HVIPQOSHSA-N
E-047/1,YAKRKFCZKPDKHG-UHFFFAOYSA-N
Triciribine phosphate,URLYINUFLXOMHP-HTVVRFAVSA-N
API-2,URLYINUFLXOMHP-UHFFFAOYSA-N
Fumagillin,NGGMYCMLYOUNGM-CSDLUJIJSA-N
FUMAGILLIN,NGGMYCMLYOUNGM-HTYDLQADSA-N
Azithromax,MQTOSJVFKKJCRP-UHFFFAOYSA-N
AZITHROMYCIN DIHYDRATE,MQTOSJVFKKJCRP-FHZDSTMTSA-N
Azithromycin,MQTOSJVFKKJCRP-BICOPXKESA-N
Solithromycin,IXXFZUPTQVDPPK-ZAWHAJPISA-N
CEM-101,IXXFZUPTQVDPPK-VPBIPTBPSA-N
solithromycin,IXXFZUPTQVDPPK-JTQBFGOWSA-N
Butenafine hydrochloride,ABJKWBDEJIDSJZ-UHFFFAOYSA-N
ERYTHROMYCIN,ULGZDMOVFRHVEP-TXJUTXNDSA-N
"erythromycin, Andromaco",ULGZDMOVFRHVEP-ZTCLHLGDSA-N
Erythromycin,ULGZDMOVFRHVEP-RWJQBGPGSA-N
Latrunculin B,NSHPHXHGRHSMIK-JRIKCGFMSA-N
latrunculin B,NSHPHXHGRHSMIK-ZHKLBRLOSA-N
Beloranib hemioxalate,ZKEMUPZLDSXZCX-CEVDDVLHSA-N
Beloranib,ZEZFKUBILQRZCK-LLKQQYEVSA-N
ZGN-433,ZEZFKUBILQRZCK-MJSCXXSSSA-N
AGM-1470,MSHZHSPISPJWHW-PVDLLORBSA-N
AGM 1470,MSHZHSPISPJWHW-VHDDFPJYSA-N
Roxithromycin,RXZBMPWDPOLZGW-XMRMVWPWSA-N
ROXITHROMYCIN,RXZBMPWDPOLZGW-KMAKEOJNSA-N
roxithromycin,RXZBMPWDPOLZGW-DMXPWGSESA-N
Zidovudine,HBOMLICNUCNMMY-XLPZGREQSA-N
Lamivudine/nevirapine/zidovudine tablets,YJEFYCWLQDIDFY-HLYDGJMNSA-N
ZIDOVUDINE,HBOMLICNUCNMMY-UHFFFAOYSA-N
Aloxistatin,SRVFFFJZQVENJC-IHRRRGAJSA-N
E-64,SRVFFFJZQVENJC-UHFFFAOYSA-N
FR 183998,WRLFHDDGGGWFLH-UHFFFAOYSA-N
VBY-825,PPUXXDKQNAHHON-BJLQDIEVSA-N
Z LVG CHN2,KRMMQWXJLDORCJ-OALUTQOASA-N
ONO-5334,BTZCSXIUAFVRTE-CHGLIHOBSA-N
Flumatinib mesylate,BJCJYEYYYGBROF-UHFFFAOYSA-N
Pimavanserin,RKEWSXXUOLRFBX-UHFFFAOYSA-N
Pimavanserin tartrate,RGSULKHNAKTFIZ-CEAXSRTFSA-N
Clopipazan mesylate,QUXRAOQDUJFWIA-UHFFFAOYSA-N
Anamorelin hydrochloride,VQPFSIRUEPQQPP-MXBOTTGLSA-N
Mequitazine,HOKDBMAJZXIPGC-UHFFFAOYSA-N
(R)-Mequitazine,HOKDBMAJZXIPGC-MRXNPFEDSA-N
Levomequitazine,HOKDBMAJZXIPGC-INIZCTEOSA-N
SGS-518,LYHNZWIPSZUYDT-UHFFFAOYSA-N
botiacrine,QXRUCDDVUMKOPI-UHFFFAOYSA-N
Islatravir,IKKXOSBHLYMWAE-QRPMWFLTSA-N
MONOBENZONE,VYQNWZOUAUKGHI-UHFFFAOYSA-N
BVT-74316,UPQJYTNALAIZCC-UHFFFAOYSA-N
Cabotegravir,WCWSTNLSLKSJPK-LKFCYVNXSA-N
1265744,WCWSTNLSLKSJPK-CUVJYRNJSA-N
LY-338522,ZEYTZKVCOZMUKL-KRWDZBQOSA-N
Budipine hydrochloride,QIHLUZAFSSMXHQ-UHFFFAOYSA-N
RG-12915,LDYMIBZOCSHLBG-QGTPRVQTSA-N
RG 12915,LDYMIBZOCSHLBG-UHFFFAOYSA-N
Erlotinib hydrochloride,AAKJLRGGTJKAMG-UHFFFAOYSA-N
[11C]Erlotinib,AAKJLRGGTJKAMG-JVVVGQRLSA-N
BMS-707035,VNIWZCGZPBJWBI-UHFFFAOYSA-N
Revefenacin,FYDWDCIFZSGNBU-UHFFFAOYSA-N
Tandutinib,UXXQOJXBIDBUAC-UHFFFAOYSA-N
LAS-Z019,KDDVVMDIQCUZDI-UHFFFAOYSA-N
Biperiden,YSXKPIUOCJLQIE-UHFFFAOYSA-N
BIPERIDEN HYDROCHLORIDE,YSXKPIUOCJLQIE-UYWIDEMCSA-N
Amosulalol hydrochloride,LVEXHFZHOIWIIP-UHFFFAOYSA-N
Pizotifen,FIADGNVRKBPQEU-UHFFFAOYSA-N
Bictegravir,SOLUWJRYJLAZCX-LYOVBCGYSA-N
"bictegravir + emtricitibine + tenofovir alafenamide, Gilead Sciences",GMIGIKGMWTUBHA-OIQMTBGZSA-N
Bictegravir/emtricitabine/tenofovir alafenamide,GMIGIKGMWTUBHA-UKQLQXPXSA-N
BMS-538158,JLUPGSPHOGFEOB-WQLSENKSSA-N
ICN-17261,IWUCXVSUMQZMFG-RGDLXGNYSA-N
Ribavirin,IWUCXVSUMQZMFG-ORYDJHDTSA-N
RIBAVIRIN,IWUCXVSUMQZMFG-LBSIEXDVSA-N
TRM-115,DZSMTMGGLVZZLW-UHFFFAOYSA-N
A4I,WUWFMJLSHFBJBN-IBGZPJMESA-N
PRODIPINE,CFOOTBBXHJHHMT-UHFFFAOYSA-N
YM 53601,XNDCPFTULXRWQH-HNENSFHCSA-N
L 739943,DIWDGCJUJQGVOU-RUZDIDTESA-N
Dauricine,AQASRZOCERRGBL-ROJLCIKYSA-N
Cloricromene,GYNNRVJJLAVVTQ-UHFFFAOYSA-N
PR 948257,HDFMVHGMQMBXPU-AATRIKPKSA-N
Azimilide hydrochloride,MREBEPTUUMTTIA-PCLIKHOPSA-N
FENPIPRANE,JXJPYHDHJZJWRI-UHFFFAOYSA-N
diclofurime,VHEJZMZHDUPRNV-UZYVYHOESA-N
MMV-253,HKPQFVAUXAZCDY-OAHLLOKOSA-N
DISOBUTAMIDE,YKFWMDHZMQLWBO-UHFFFAOYSA-N
TD-2749,ZQMXTDPQEHZTBG-KOUNCHBCSA-N
BF-1,ANZVBVKYXOGOQC-UHFFFAOYSA-N
LGH-447,VRQXRVAKPDCRCI-ZNMIVQPWSA-N
M-5717,BENUHBSJOJMZEE-UHFFFAOYSA-N
GENZ-112638,FJZZPCZKBUKGGU-AUSIDOKSSA-N
Eliglustat tartrate,KUBARPMUNHKBIQ-VTHUDJRQSA-N
BROMODIPHENHYDRAMINE HYDROCHLORIDE,NUNIWXHYABYXKF-UHFFFAOYSA-N
Phosphonovir,OIFWQOKDSPDILA-XLPZGREQSA-N
Tampramine fumarate,WRHGGQFJPWBBTG-UHFFFAOYSA-N
Managlinat dialanetil,BYKBUQDQTLDNLE-KBPBESRZSA-N
Dideoxyadenosine,WVXRAFOPTSTNLL-NKWVEPMBSA-N
dideoxyadenosine,WVXRAFOPTSTNLL-UHFFFAOYSA-N
AMOPYROQUINE,YNWCUCSDUMVJKR-UHFFFAOYSA-N
THRX-326151,FJADIVYKWUDMEW-PSXMRANNSA-N
Maputrescine hydrochloride,QIADQCOYEFCREQ-UHFFFAOYSA-N
SB-737050A,FFSKQESNYWHALV-UHFFFAOYSA-N
Pipethiadene tartrate,VZWWTHTUQTYAGH-UHFFFAOYSA-N
Balicatib,LLCRBOWRJOUJAE-UHFFFAOYSA-N
FLUACIZINE,VHEOUJNDDFHPGJ-UHFFFAOYSA-N
L-870812,QJNSUCWIIAABPO-UHFFFAOYSA-N
Phosphazid,HXXOFKXVESEZNB-XLPZGREQSA-N
phosphonovir,HXXOFKXVESEZNB-SPDVFEMOSA-N
DILAZEP DIHYDROCHLORIDE,QVZCXCJXTMIDME-UHFFFAOYSA-P
IVX-E-59,XURFYCWNUGWGDL-VQJWOFKYSA-N
ZIDOVUDINE-PHOSPHATE-DIDANOSINE DIMER,XURFYCWNUGWGDL-VAQLIOGMSA-N
Cilnidipine,KJEBULYHNRNJTE-DHZHZOJOSA-N
Cilnidipine/valsartan,KNCHHDLOWPRRRD-YADXHAIOSA-N
ALX-646CL,RQTZMTMTBWAQAI-UHFFFAOYSA-N
Opipramol hydrochloride,YNZFUWZUGRBMHL-UHFFFAOYSA-N
RWJ 27755,KWPACVJPAFGBEQ-IKGGRYGDSA-N
Cyproheptadine hydrochloride,JJCFRYNCJDLXIK-UHFFFAOYSA-N
Albaconazole,UHIXWHUVLCAJQL-MPBGBICISA-N
CF-1001,ZBSURXIIEJERBJ-KMUZCZNQSA-N
Dopexamine,RYBJORHCUPVNMB-UHFFFAOYSA-N
Roxindole,HGEYJZMMUGWEOT-UHFFFAOYSA-N
CINCHOCAINE,PUFQVTATUTYEAL-UHFFFAOYSA-N
Encorafenib,CMJCXYNUCSMDBY-ZDUSSCGKSA-N
Dianhydrogalactitol,AAFJXZWCNVJTMK-GUCUJZIJSA-N
VAL-083,AAFJXZWCNVJTMK-UHFFFAOYSA-N
Raltegravir potassium,CZFFBEXEKNGXKS-UHFFFAOYSA-N
Minocycline,FFTVPQUHLQBXQZ-KVUCHLLUSA-N
"minocycline, Foamix",DYKFCLLONBREIL-RXSMKRGCSA-N
Minocycline hydrochloride,DYKFCLLONBREIL-KVUCHLLUSA-N
AZD-9742,JYJKOWWSKTWAJA-RTWAWAEBSA-N
DK-507K,JYRHGXXQSIPDDP-IACUBPJLSA-N
DK 507K,JYRHGXXQSIPDDP-FPMFFAJLSA-N
Colistin A sulfate,XDJYMJULXQKGMM-BZUHZWDSSA-N
Rifaximin,NZCRJKRKKOLAOJ-XRCRFVBUSA-N
RIFAXIMIN,NZCRJKRKKOLAOJ-VJYREXROSA-N
Osanetant,DZOJBGLFWINFBF-UMSFTDKQSA-N
Dotarizine,LRMJAFKKJLRDLE-UHFFFAOYSA-N
Lonafarnib,DHMTURDWPRKSOA-RUZDIDTESA-N
Mardepodect succinate,AZEXWHKOMMASPA-UHFFFAOYSA-N
SNS-314,FAYAUAZLLLJJGH-UHFFFAOYSA-N
Thiethylperazine dimaleate,XCTYLCDETUVOIP-UHFFFAOYSA-N
KRP-203,IINUNQPYJGJCJI-UHFFFAOYSA-N
NAFOXIDINE,JEYWNNAZDLFBFF-UHFFFAOYSA-N
Pimozide,YVUQSNJEYSNKRX-UHFFFAOYSA-N
AGG 523,KXSOTZJZDGJQSV-UHFFFAOYSA-N
Apilimod mesilate,HSKAZIJJKRAJAV-KOEQRZSOSA-N
SDZ-62-434,WJUGGKGTCAVATA-UHFFFAOYSA-N
Tiotixene,GFBKORZTTCHDGY-UWVJOHFNSA-N
PD 170447,FPQSMZBBNHABRA-UHFFFAOYSA-N
Toremifene,XFCLJVABOIYOMF-QPLCGJKRSA-N
Trifluoperazine hydrochloride,ZEWQUBUPAILYHI-UHFFFAOYSA-N
Rimcazole hydrochloride,GUDVQJXODNJRIJ-CALCHBBNSA-N
Amiodarone hydrochloride,IYIKLHRQXLHMJQ-UHFFFAOYSA-N
LL-3858,PRXZOPNJRFEGRH-UHFFFAOYSA-N
Raloxifene hydrochloride,GZUITABIAKMVPG-UHFFFAOYSA-N
Tamoxifen citrate,NKANXQFJJICGDU-QPLCGJKRSA-N
S-9788,GERNFWKTMKWULM-UHFFFAOYSA-N
LY-2228820,XPPBBJCBDOEXDN-UHFFFAOYSA-N
R 101933,TULGGJGJQXESOO-UHFFFAOYSA-N
[11C]Laniquidar,TULGGJGJQXESOO-BJUDXGSMSA-N
SSR-240612,QGWIQIAWOCJRPI-WSCVWKGISA-N
SSR 240612,QGWIQIAWOCJRPI-BYQXAJIQSA-N
"VCAM-1 antagonists, AtheroGen",KKHZFGDLQNWZMS-VAWYXSNFSA-N
Perphenazine 4-aminobutyrate mesylate,BABFYCSPNDKXRI-UHFFFAOYSA-N
Ivacaftor,PURKAOJPTOLRMP-UHFFFAOYSA-N
D18-Ivacaftor,PURKAOJPTOLRMP-NBDUPMGQSA-N
Deuterated ivacaftor,PURKAOJPTOLRMP-ASMGOKTBSA-N
Chloroquine phosphate,WHTVZRBIWZFKQO-UHFFFAOYSA-N
Asenapine maleate,VSWBSWWIRNCQIJ-HUUCEWRRSA-N
DMP-777,ZSDCIRYNTCVTMF-GIGWZHCTSA-N
AZD-5904,ZSDCIRYNTCVTMF-UHFFFAOYSA-N
Halofantrine hydrochloride,FOHHNHSLJDZUGQ-UHFFFAOYSA-N
Afuresertib,AFJRDFWMXUECEW-LBPRGKRZSA-N
LERCANIDIPINE,ZDXUKAKRHYTAKV-UHFFFAOYSA-N
Lercanidipine/valsartan,XCBUWCBDKKNTRF-DYERUGSUSA-N
Enalapril/lercanidipine,CSATZFOKBJPVHH-CRHVHDRLSA-N
PD-153035,LSPANGZZENHZNJ-UHFFFAOYSA-N
11C-PD-153035,LSPANGZZENHZNJ-BJUDXGSMSA-N
CFI-400945,DADASRPKWOGKCU-FVTQAUBDSA-N
CE-245677,VFCRSIORGUNNGT-UHFFFAOYSA-N
Arotinoid acid,FOIVPCKZDPCJJY-JQIJEIRASA-N
Lidoflazine,ZBIAKUMOEKILTF-UHFFFAOYSA-N
Fluspirilene,QOYHHIBFXOOADH-UHFFFAOYSA-N
CHLORPROETHAZINE,DBOUGBAQLIXZLV-UHFFFAOYSA-N
AHR 16303B,LHFTWCKXENCOHI-UHFFFAOYSA-N
Droprenilamine,HTAFVGKAHGNWQO-UHFFFAOYSA-N
KC 11404,GLTHSRFPHHLMIW-UHFFFAOYSA-N
Endoxifen,MHJBZVSGOZTKRH-IZHYLOQSSA-N
EZLOPITANT,XPNMCDYOYIKVGB-JSOSNVBQSA-N
Ezlopitant,XPNMCDYOYIKVGB-CONSDPRKSA-N
LAS 30538,BIZCZAJFIUSFDU-UHFFFAOYSA-N
Celivarone fumarate,ZCENNVQCOZQSGH-UHFFFAOYSA-N
rilapine,UJCYUJOQBXHJFH-DNTJNYDQSA-N
Rolapitant hydrochloride,FIVSJYGQAIEMOC-ZGNKEGEESA-N
SCH 619734,FIVSJYGQAIEMOC-SOJKGPRNSA-N
Metergoline,WZHJKEUHNJHDLS-QTGUNEKASA-N
metergoline,WZHJKEUHNJHDLS-JRSYVHTFSA-N
[18F]FUdR,ODKNJVUHOIMIIZ-FBHMCPIQSA-N
Efinaconazole,NFEZZTICAUWDHU-RDTXWAMCSA-N
efinaconazole,NFEZZTICAUWDHU-UHFFFAOYSA-N
FdCyd,IDYKCXHJJGMAEV-RRKCRQDMSA-N
[18F]FCdR,IDYKCXHJJGMAEV-FBHMCPIQSA-N
TAK 456,JTNIHNJCRCYZSU-UHFFFAOYSA-N
DMDC,PULHLIOPJXPGJN-UHFFFAOYSA-N
FF-705,QMOQDXXLQFOVNP-UHFFFAOYSA-N
Sulconazole nitrate,AFNXATANNDIXLG-UHFFFAOYSA-N
Isavuconazonium sulfate,RSWOJTICKMKTER-QXLBVTBOSA-O
ALICONAZOLE,WNGFKUOERJDDIY-OQLLNIDSSA-N
Voriconazole,BCEHBSKCWLPMDN-MGPLVRAMSA-N
VORICONAZOLE,BCEHBSKCWLPMDN-QLJPJBMISA-N
Floxuridine,ODKNJVUHOIMIIZ-RRKCRQDMSA-N
FLOXURIDINE,ODKNJVUHOIMIIZ-JXBXZBNISA-N
DuP-860,RNKZWLLOIOLSMA-UHFFFAOYSA-N
Oteseconazole,IDUYJRXRDSPPRC-NRFANRHFSA-N
Bifonazole,OCAPBUJLXMYKEJ-UHFFFAOYSA-N
T-2307,KUNDLEJVAIBADY-UHFFFAOYSA-N
Climbazole,OWEGWHBOCFMBLP-UHFFFAOYSA-N
Frentizol,JHBWYQRKOUBPCA-UHFFFAOYSA-N
Nifuratel,SRQKTCXJCCHINN-NYYWCZLTSA-N
PROSTAGLANDIN J2,UQOQENZZLBSFKO-POPPZSFYSA-N
FR 115427,TUTBQGAMVCUYQM-UHFFFAOYSA-N
ZD-6416,CTAHRHRYCPEDSR-UHFFFAOYSA-N
NITROFURAZONE,IAIWVQXQOWNYOU-FPYGCLRLSA-N
HP-573,IPHKVWAKDXKJRE-UHFFFAOYSA-N
BAY-74-4113,IOQRTGZPCYYQLE-RBUKOAKNSA-N
Lapaquistat acetate,CMLUGNQVANVZHY-POURPWNDSA-N
EU-11300,ARPYQKTVRGFPIS-UHFFFAOYSA-N
Flunoxaprofen,ARPYQKTVRGFPIS-VIFPVBQESA-N
levormeloxifene,XZEUAXYWNKYKPL-UHFFFAOYSA-N
Ormeloxifene,XZEUAXYWNKYKPL-WDYNHAJCSA-N
BILB-1941ZW,JBSNALXXNTWUEC-SFQUDFHCSA-N
Benoxaprofen,MITFXPHMIHQXPI-UHFFFAOYSA-N
xanoxic acid,NYKPKXPWOWUPJV-UHFFFAOYSA-N
TRICHLOBISONIUM CHLORIDE,YECRYLBCIYSJSO-UHFFFAOYSA-N
Fexinidazole,MIWWSGDADVMLTG-UHFFFAOYSA-N
AZANIDAZOLE,LHIALLMPKJMSIQ-NSCUHMNNSA-N
PIROCTONE OLAMINE,OIQJEQLSYJSNDS-UHFFFAOYSA-N
Tapinarof,ZISJNXNHJRQYJO-CMDGGOBGSA-N
cabazitaxel,BMQGVNUXMIRLCK-TXCRISOESA-N
Cabazitaxel,BMQGVNUXMIRLCK-OAGWZNDDSA-N
PHANQUONE,VLPADTBFADIFKG-UHFFFAOYSA-N
PF-03463275,KYLOBHXXQOZRKK-FICVDOATSA-N
FPL-62064,WKLGNFJHVJIZPK-UHFFFAOYSA-N
PA 1343,CNSIELLVDSSIAM-JTQLQIEISA-N
CHLORTETRACYCLINE HYDROCHLORIDE,CYDMQBQPVICBEU-RQWFMOQPSA-N
gemifloxacin mesylate,ZRCVYEYHRGVLOC-HMAPJEAMSA-N
Gemifloxacin mesilate,ZRCVYEYHRGVLOC-HYARGMPZSA-N
Omadacycline,JEECQCWWSTZDCK-IQZGDKDPSA-N
Tebipenem pivoxil,SNUDIPVBUUXCDG-QHSBEEBCSA-N
"Helicobacter pylori therapy, P",UVPMTCAZAAOZFG-WSCQEBDBSA-K
Tetracycline hydrochloride,OFVLGDICTFRJMM-WESIUVDSSA-N
"doxycycline hyclate, Journey Medical Corporation",QICIEZINBVMLSK-UHFFFAOYSA-N
Temafloxacin hydrochloride,QKDHBVNJCZBTMR-UHFFFAOYSA-N
P 0005672,PQJQFLNBMSCUSH-SVJKJTBESA-N
Sarecycline hydrochloride,PQJQFLNBMSCUSH-SBAJWEJLSA-N
Levofloxacin,GSDSWSVVBLHKDQ-JTQLQIEISA-N
Clinafloxacin,QGPKADBNRMWEQR-UHFFFAOYSA-N
MUT-056399,QUHARGDBJJUOEB-UHFFFAOYSA-N
Tosufloxacin,WUWFMDMBOJLQIV-UHFFFAOYSA-N
Demeclocycline hydrochloride,FMTDIUIBLCQGJB-SEYHBJAFSA-N
Cadazolid,XWFCFMXQTBGXQW-GOSISDBHSA-N
Moxifloxacin-8-chloro,VRXORHRXNRJZCQ-ZUZCIYMTSA-N
ALATROFLOXACIN MESYLATE,UUZPPAMZDFLUHD-IRFSDBDPSA-N
Alatrofloxacin mesilate,UUZPPAMZDFLUHD-VUJLHGSVSA-N
alatrofloxacin mesilate,UUZPPAMZDFLUHD-PSMNQSTJSA-N
Enrofloxacin,SPFYMRJSYKOXGV-UHFFFAOYSA-N
S 31076,PEQPFISMWLZTJZ-UHFFFAOYSA-N
PICLOXYDINE,YNCLPFSAZFGQCD-UHFFFAOYSA-N
PGE 4175997,OKLKAFJDLMXNMT-GFCCVEGCSA-N
AM 1174,JDWLROHWYAZRBW-UHFFFAOYSA-N
WQ 2756,ATHBCDQPZRXUNJ-UHFFFAOYSA-N
DV-7751a,UGGPRXAHUOKTKV-IINYFYTJSA-N
Finafloxacin hydrochloride,FYMHQCNFKNMJAV-HOTGVXAUSA-N
Tedizolid,XFALPSLJIHVRKE-GFCCVEGCSA-N
DuP-721,POXUJOYUVLWPQN-ZDUSSCGKSA-N
DIFIMICIN,ZVGNESXIJDCBKN-ZNJFOQKYSA-N
Fidaxomicin,ZVGNESXIJDCBKN-UUEYKCAUSA-N
ERYTHROMYCIN ETHYL SUCCINATE,NSYZCCDSJNWWJL-HEESAXMSSA-N
Erythromycin ethylsuccinate,NSYZCCDSJNWWJL-YXOIYICCSA-N
Vancomycin hydrochloride,MYPYJXKWCTUITO-LYRMYLQWSA-N
VANCOMYCIN HYDROCHLORIDE,MYPYJXKWCTUITO-GCTWTFLZSA-N
"levofloxacin, laboratorios Sophia",GSDSWSVVBLHKDQ-SNVBAGLBSA-N
Ofloxacin,GSDSWSVVBLHKDQ-UHFFFAOYSA-N
Linezolid,TYZROVQLWOKYKF-ZDUSSCGKSA-N
GUACETISAL,HSJFYRYGGKLQBT-UHFFFAOYSA-N
Nifurtimox,ARFHIAQFJWUCFH-IZZDOVSWSA-N
PHENYL ACETYLSALICYLATE,PSBAIJVSCTZDDB-UHFFFAOYSA-N
BEFURALINE,SRIJFPBZWUFLFD-UHFFFAOYSA-N
PHENYL AMINOSALICYLATE,DNVVZWSVACQWJE-UHFFFAOYSA-N
Antagonist-G,CUCSSYAUKKIDJV-FAXBSAIASA-N
Nolpitantium besilate,RPDFDSQFBCJTDY-GAQXSTBRSA-N
nolpitantium chloride,RPDFDSQFBCJTDY-PXODCTBUSA-N
Batimastat,XFILPEOLDIKJHX-QYZOEREBSA-N
DEMECARIUM BROMIDE,RWZVPVOZTJJMNU-UHFFFAOYSA-N
CHF-6001,VCFBPAOSTLMYIV-SANMLTNESA-N
XANTRYL,IICCLYANAQEHCI-UHFFFAOYSA-N
FORMALDEHYDE,WSFSSNUMVMOOMR-UHFFFAOYSA-N
ZD-9379,PSTDMIAVUUYOOQ-UHFFFAOYSA-N
IC-197,YTFBNFMILWHYAP-UWJYYQICSA-N
Taselisib,BEUQXVWXFDOSAQ-UHFFFAOYSA-N
THIACETAZONE,SRVJKTDHMYAMHA-WUXMJOGZSA-N
Eperezolid,SIMWTRCFFSTNMG-AWEZNQCLSA-N
Amikacin,LKCWBDHBTVXHDL-RMDFUYIESA-N
Lotamilast,BBTFKAOFCSOZMB-UHFFFAOYSA-N
R-1487,KKKRKRMVJRHDMG-UHFFFAOYSA-N
L 161240,DGGKRIGJIQRXQD-LLVKDONJSA-N
R-333,YSWHPGYAPJLREH-UHFFFAOYSA-N
CYC-116,GPSZYOIFQZPWEJ-UHFFFAOYSA-N
ETOCARLIDE,PRXHANOJNVGVGC-UHFFFAOYSA-N
RX-5902,KAKPGJJRYRYSTP-UHFFFAOYSA-N
Anethole dithiolethione,KYLIZBIRMBGUOP-UHFFFAOYSA-N
CH-4987655,FIMYFEGKMOCQKT-UHFFFAOYSA-N
Oritavancin,VHFGEBVPHAGQPI-FHQPFWJBSA-N
Y 688,AGRJUZPPATWGHI-FQEVSTJZSA-N
AGN-191379,KFXCYOSJSWUOEO-UHFFFAOYSA-N
METAZIDE,WWCIFIOLOMCRET-UHFFFAOYSA-N
HYPERICIN,BTXNYTINYBABQR-UHFFFAOYSA-N
Epetraborole hydrochloride,FXQIIDINBDJDKL-SNVBAGLBSA-N
LM 565,DEOYQVBCXCVHII-GSNHDGFMSA-N
Ozenoxacin,XPIJWUTXQAGSLK-UHFFFAOYSA-N
"Tramadol XL, Pacific Pharma",TVYLLZQTGLZFBW-HOCLYGCPSA-N
desmetramadol,TVYLLZQTGLZFBW-BZSJEYESSA-N
Dexketoprofen/tramadol,PAUWHRPSGGRCHV-ZRCHUPLNSA-N
TRAMADOL HYDROCHLORIDE,TVYLLZQTGLZFBW-GOEBONIOSA-N
Piraxostat,AETHRPHBGJAIBT-UHFFFAOYSA-N
Ibudilast,ZJVFLBOZORBYFE-UHFFFAOYSA-N
Ilepcimide,BLPUOQGPBJPXRL-FNORWQNLSA-N
Sophocarpidine,ZSBXGIUJOOQZMP-JLNYLFASSA-N
Metazosin,YEOTYALSMRNXLJ-UHFFFAOYSA-N
CCX-105,HTYBEXPZARGDNU-UHFFFAOYSA-N
AFALANINE,CBQJSKKFNMDLON-UHFFFAOYSA-N
Pimobendan,GLBJJMFZWDBELO-UHFFFAOYSA-N
Chlortalidone,JIVPVXMEBJLZRO-UHFFFAOYSA-N
Tivozanib,SPMVMDHWKHCIDT-UHFFFAOYSA-N
Rolipram,HJORMJIFDVBMOB-UHFFFAOYSA-N
(R)-[11C]Rolipram,HJORMJIFDVBMOB-ZYZCRDMLSA-N
Progesterone,RJKFOVLPORLFTN-LEKSSAKUSA-N
Isoxepac,QFGMXJOBTNZHEL-UHFFFAOYSA-N
TANOMASTAT,JXAGDPXECXQWBC-UHFFFAOYSA-N
Tanomastat,JXAGDPXECXQWBC-LJQANCHMSA-N
RO 201724,PDMUULPVBYQBBK-UHFFFAOYSA-N
Montelukast sodium,UCHDWCPVSPXUMX-TZIWLTJVSA-N
Neflamapimod,VEPKQEUBKLEPRA-UHFFFAOYSA-N
Succimer,ACTRVOBWPAIOHC-UHFFFAOYSA-N
Ethionamide,AEOCXXJPGCBFJA-UHFFFAOYSA-N
SC 58125,JHBIMJKLBUMNAU-UHFFFAOYSA-N
ENLOPLATIN,ASQRQYODAQUVBR-UHFFFAOYSA-L
Dicycloplatin,IIJQICKYWPGJDT-UHFFFAOYSA-L
MGCD-265,UFICVEHDQUKCEA-UHFFFAOYSA-N
LCL-161,UFPFGVNKHCLJJO-SSKFGXFMSA-N
F-15845,HZQHAAFWVRDHMZ-JKSUJKDBSA-N
beta-Alethine,WELIVEBWRWAGOM-UHFFFAOYSA-N
ADD-17014,VVRREURVTJNTQQ-UHFFFAOYSA-N
Lecimibide,TVXOXGBTADZYCZ-UHFFFAOYSA-N
Maralixibat chloride,STPKWKPURVSAJF-LJEWAXOPSA-N
maralixibat chloride,STPKWKPURVSAJF-SWGHGFEUSA-N
UK-500001,OHIUQAZROSYCMC-CALCHBBNSA-N
Amifostine hydrate,JKOQGQFVAUAYPM-UHFFFAOYSA-N
Anastrozole,YBBLVLTVTVSKRW-UHFFFAOYSA-N
Bupicomide,VKSPIPWLHGKJQO-UHFFFAOYSA-N
"calcipotriol lacquer, Polichem",LWQQLNNNIPYSNX-NNEHDCEKSA-N
Calcipotriol,LWQQLNNNIPYSNX-UROSTWAQSA-N
Ciclopirox olamine,SCKYRAXSEDYPSA-UHFFFAOYSA-N
Sodium dichloroacetate,JXTHNDFMNIQAHM-UHFFFAOYSA-N
Lansoprazole,MJIHNNLFOKEZEW-UHFFFAOYSA-N
Dexlansoprazole,MJIHNNLFOKEZEW-RUZDIDTESA-N
DIPHENAN,ZBJBRUSGEJORQL-UHFFFAOYSA-N
Ectoine,WQXNXVUDBPYKBA-YFKPBYRVSA-N
Erdosteine,QGFORSXNKQLDNO-UHFFFAOYSA-N
Fosbretabulin disodium,WDOGQTQEKVLZIJ-WAYWQWQTSA-N
Ledipasvir,VRTWBAAJJOHBQU-KMWAZVGDSA-N
ledipasvir (spray-dried solid dispersion formulation),VRTWBAAJJOHBQU-JDTWMYKYSA-N
VRT-532,AQWKVJFRGORALM-UHFFFAOYSA-N
AHR 14042,PCAWDBXDEJVICI-UHFFFAOYSA-N
Roflumilast,MNDBXUUTURYVHR-UHFFFAOYSA-N
VINPOCETINE,DDNCQMVWWZOMLN-UHFFFAOYSA-N
Vinpocetine,DDNCQMVWWZOMLN-IRLDBZIGSA-N
Oxolamine citrate,IDCHQQSVJAAUQQ-UHFFFAOYSA-N
Cilostazol,RRGUKTPIGVIEKM-UHFFFAOYSA-N
Amrinone,RNLQIBCLLYYYFJ-UHFFFAOYSA-N
XEL-002BP,YRECILNLFWZVRM-KBCBANEMSA-N
ACONIAZIDE,MDFXJBQEWLCGHP-RQZCQDPDSA-N
Danshen,HYXITZLLTYIPOF-UHFFFAOYSA-N
Doxazosin mesylate,RUZYUOTYCVRMRZ-UHFFFAOYSA-N
(S)-Doxazosin,RUZYUOTYCVRMRZ-FQEVSTJZSA-N
Procaine hydrochloride,MFDFERRIHVXMIY-UHFFFAOYSA-N
Perchlozone,QTSJJDIDTYFLFC-BJMVGYQFSA-O
ORG-25935,UEBBYLJZCHTLEG-OQHSHRKDSA-N
SCH-900435,UEBBYLJZCHTLEG-LAUBAEHRSA-N
Tramadol hydrochloride,TVYLLZQTGLZFBW-ZBFHGGJFSA-N
Ruxolitinib,HFNKQEVNSGCOJV-HNNXBMFYSA-N
Glemanserin,AXNGJCOYCMDPQG-UHFFFAOYSA-N
AR-726,DWAFYCQODLXJNR-UHFFFAOYSA-L
7-Methoxytacrine,APQPVVOYBLOJDY-UHFFFAOYSA-N
Mirdametinib,SUDAHWBOROXANE-SECBINFHSA-N
Lomibuvir,WPMJNLCLKAKMLA-VVPTUSLJSA-N
lomibuvir,WPMJNLCLKAKMLA-LFYFRBEQSA-N
VX-222,WPMJNLCLKAKMLA-UHFFFAOYSA-N
Binimetinib,ACWZRVQXLIRSDF-UHFFFAOYSA-N
Emricasan,SCVHJVCATBPIHN-SJCJKPOMSA-N
Neratinib,JWNPDZNEKVCWMY-VQHVLOKHSA-N
Cilomilast,CFBUZOUXXHZCFB-OYOVHJISSA-N
CILOMILAST,CFBUZOUXXHZCFB-LDTOLXSISA-N
SISOMICIN,URWAJWIAIPFPJE-YFMIWBNJSA-N
Limaprost alfadex,OJZYRQPMEIEQFC-UAWLTFRCSA-N
LIMAPROST,OJZYRQPMEIEQFC-HXXSFZJJSA-N
Mebicar,XIUUSFJTJXFNGH-UHFFFAOYSA-N
E-7010,URCVCIZFVQDVPM-UHFFFAOYSA-N
Eucalyptol,WEEGYLXZBRQIMU-UHFFFAOYSA-N
AVE-9488,BOFMSBVSYVESTM-UHFFFAOYSA-N
Oglemilast,OKFDRAHPFKMAJH-UHFFFAOYSA-N
PF-4457845,BATCTBJIJJEPHM-UHFFFAOYSA-N
Rabeprazole sodium,YREYEVIYCVEVJK-UHFFFAOYSA-N
Dalbavancin,KGPGQDLTDHGEGT-VBZOGQDBSA-N
KRN 633,VPBYZLCHOKSGRX-UHFFFAOYSA-N
Tasisulam sodium,WWONFUQGBVOKOF-UHFFFAOYSA-N
SULFATHIOUREA,UEMLYRZWLVXWRU-UHFFFAOYSA-N
SULFAMETHYLTHIAZOLE,KJVQYDYPDFFJMP-UHFFFAOYSA-N
Ertugliflozin,MCIACXAZCBVDEE-CUUWFGFTSA-N
MX-1122,ANNPALXBOKTDBF-VYIIXAMBSA-N
Atizoram,LITNEAPWQHVPOK-FFSVYQOJSA-N
CERULENIN,GVEZIHKRYBHEFX-NQQPLRFYSA-N
Rilopirox,UDYUIWXQUBNDHC-UHFFFAOYSA-N
CL-218872,GUOQUXNJZHGPQF-UHFFFAOYSA-N
AZINTAMIDE,SSLKKMZJCJBOML-UHFFFAOYSA-N
Ru-24969,KRVMLPUDAOWOGN-UHFFFAOYSA-N
BUTACETIN,QTNZYVAMNRDUAD-UHFFFAOYSA-N
THIAMINE HYDROCHLORIDE,JZRWCGZRTZMZEH-UHFFFAOYSA-N
FURONAZIDE,GNDPAVKYAUIVEB-ZROIWOOFSA-N
Meldonium hydrate,PVBQYTCFVWZSJK-UHFFFAOYSA-O
Glasdegib maleate,SFNSLLSYNZWZQG-VQIMIIECSA-N
Daurismo,SFNSLLSYNZWZQG-LRTDYKAYSA-N
NICOFURANOSE,FUWFSXZKBMCSKF-UHFFFAOYSA-N
Lomustine,GQYIWUVLTXOXAJ-UHFFFAOYSA-N
Huperzine A,ZRJBHWIHUMBLCN-QDEBKDIKSA-N
HUPERZINE A,ZRJBHWIHUMBLCN-HZRLMBICSA-N
ISONIAZID METHANESULFONATE,GQZQCROBCYNTMU-UHFFFAOYSA-N
Levomepromazine,VRQVVMDWGGWHTJ-CQSZACIVSA-N
METHOTRIMEPRAZINE HYDROCHLORIDE,VRQVVMDWGGWHTJ-UHFFFAOYSA-N
Alprostadil,GMVPRGQOIOIIMI-DWKJAMRDSA-N
"alprostadil (liposomal), CSPC ZhongQi Pharmaceutical",GMVPRGQOIOIIMI-ZWLIRFKBSA-N
N-6022,YVPGZQLRPAGKLA-UHFFFAOYSA-N
Natamycin,NCXMLFZGDNKEPB-FFPOYIOWSA-N
NATAMYCIN,NCXMLFZGDNKEPB-YLTFDBFKSA-N
NP001,JFWGYKRUMPKNKF-UHFFFAOYSA-N
NVP-AAC-789,GXWKSXUPEFVUOO-UHFFFAOYSA-N
PF-01247324,HPIUHDCRVYDAEJ-UHFFFAOYSA-N
pramipexole,FASDKYOPVNHBLU-UHFFFAOYSA-N
Dexpramipexole dihydrochloride,FASDKYOPVNHBLU-SSDOTTSWSA-N
Pramipexole hydrochloride,FASDKYOPVNHBLU-ZETCQYMHSA-N
PVNO,XWRBMHSLXKNRJX-UHFFFAOYSA-N
SULFADICRAMIDE,XRVJPLDTMUSSDE-UHFFFAOYSA-N
Thioridazine,KLBQZWRITKRQQV-UHFFFAOYSA-N
Tizanidine hydrochloride,XFYDIVBRZNQMJC-UHFFFAOYSA-N
Travoprost,MKPLKVHSHYCHOC-AHTXBMBWSA-N
TRAVOPROST,MKPLKVHSHYCHOC-VAOHUEEVSA-N
BTS-67582,YIMGGHGOVMBIJO-UHFFFAOYSA-N
AGN-199981,FOOHYFUHXGIXNK-UHFFFAOYSA-N
Artemisine,BLUAFEHZUWYNDE-NNWCWBAJSA-N
ARTEMISININ,BLUAFEHZUWYNDE-DCJAHCNHSA-N
Clemizol,CJXAEXPPLWQRFR-UHFFFAOYSA-N
Irosustat,DSLPMJSGSBLWRE-UHFFFAOYSA-N
TRANYLCYPROMINE SULFATE,AELCINSCMGFISI-UHFFFAOYSA-N
Tranylcypromine sulfate,AELCINSCMGFISI-BDAKNGLRSA-N
BENORILATE,FEJKLNWAOXSSNR-UHFFFAOYSA-N
DAH,ZBYVTTSIVDYQSO-UWTATZPHSA-N
TAK-960,GWRSATNRNFYMDI-UHFFFAOYSA-N
Barasertib,GBJVVSCPOBPEIT-UHFFFAOYSA-N
DIAMPROMIDE,RXTHKWVSXOIHJS-UHFFFAOYSA-N
1069C,UMSHZWFCVXIDEO-UHFFFAOYSA-N
K-953,JHWVXMIUCOQOCI-UHFFFAOYSA-N
ABX-464,OZOGDCZJYVSUBR-UHFFFAOYSA-N
ICI-D7288,JABSKGQQWUDVRU-UHFFFAOYSA-O
Roxatidine acetate hydrochloride,SMTZFNFIKUPEJC-UHFFFAOYSA-N
Dabrafenib mesylate,BFSMGDJOXZAERB-UHFFFAOYSA-N
Ruxolitinib phosphate,HFNKQEVNSGCOJV-OAHLLOKOSA-N
Deuterated ruxolitinib,HFNKQEVNSGCOJV-FBXGHSCESA-N
BACITRACIN,CLKOFPXJLQSYAH-IJUCDFQPSA-N
Pramoxine hydrochloride,DQKXQSGTHWVTAD-UHFFFAOYSA-N
Cysteamine hydrochloride,UFULAYFCSOUIOV-UHFFFAOYSA-N
Allopurinol,OFCNXPDARWKPPY-UHFFFAOYSA-N
Protionamide,VRDIULHPQTYCLN-UHFFFAOYSA-N
Bufexamac,MXJWRABVEGLYDG-UHFFFAOYSA-N
4-Aminosalicylic acid,WUBBRNOQWQTFEX-UHFFFAOYSA-N
MCB-3837,MNABRWLVTSGIMU-FQEVSTJZSA-N
Cligosiban,HNIFCPBQMKPRCX-UHFFFAOYSA-N
Dasantafil,RCJYGWGQCPDYSL-HZPDHXFCSA-N
dasantafil,RCJYGWGQCPDYSL-OEMAIJDKSA-N
BC 7013,KELRBTWVTDHIHS-VENPPMLCSA-N
BC-7013,KELRBTWVTDHIHS-KGTFJIFRSA-N
UP-5145-52,JYVIMETTWDHLFH-UHFFFAOYSA-N
Lusutrombopag,NOZIJMHMKORZBA-KJCUYJGMSA-N
Lotrifen,DGWUVKLBXCWNTA-UHFFFAOYSA-N
MK-3134,ZWUFGBNOUKQGBR-UHFFFAOYSA-N
KRN-2391,LRIFUWJWOSDOMV-UHFFFAOYSA-N
CYACETACIDE,HPHBOJANXDKUQD-UHFFFAOYSA-N
FK-143,LACIBZRFAYFTOV-UHFFFAOYSA-N
FTI 2153,KZCMMZOLCBZLNG-QHCPKHFHSA-N
GS 3857,BTUDYMZUFKDIFZ-PWSAKUHLSA-N
YM 14471,GGBCJUPWMZGCKM-UHFFFAOYSA-N
PDM-08,JRFYJULGAGLHHN-KCJUWKMLSA-O
Midostaurin,BMGQWWVMWDBQGC-IIFHNQTCSA-N
midostaurin,BMGQWWVMWDBQGC-MEIZTKOXSA-N
VCH-286,YZGXEGUSPLSQOJ-MJOCGKAJSA-N
Testosterone undecanoate,UDSFVOAUHKGBEK-CNQKSJKFSA-N
GSK-923295,WHMXDBPHBVLYRC-OFVILXPXSA-N
molidustat,IJMBOKOTALXLKS-UHFFFAOYSA-N
Paritaprevir,UAUIUKWPKRJZJV-QPLHLKROSA-N
paritaprevir,UAUIUKWPKRJZJV-HOLRAPHZSA-N
Empesertib,NRJKIOCCERLIDG-GOSISDBHSA-N
Debio-1452,QXTWSUQCXCWEHF-JXMROGBWSA-N
Loviride,CJPLEFFCVDQQFZ-UHFFFAOYSA-N
Edonentan hydrate,ORJRYNKVKJAJPY-UHFFFAOYSA-N
TBC-3342,PDGIENBVJWBSNG-GMAHTHKFSA-N
Cannabidivarin,REOZWEGFPHTFEI-CVEARBPZSA-N
ALS-2-0426,FCMLNRFKIXVGKM-XRFBTWBJSA-N
PF-06291874,FHELGPHQJUXHMT-VXKWHMMOSA-N
E 4080,QTTYQKNTVMKMMI-GQCTYLIASA-N
TRIAZIQUONE,PXSOHRWMIRDKMP-UHFFFAOYSA-N
YM 43611,CPVZPPFHQBIJNB-KRWDZBQOSA-N
GW-5634,GAQZNFUDILDDDI-UHFFFAOYSA-N
AL 4114,OVRBKKLFIRJPKY-UHFFFAOYSA-N
CGP-84738,BZGHPHUNZKSCKZ-UHFFFAOYSA-N
Azodicarbonamide,XOZUGNYVDXMRKW-AATRIKPKSA-N
Pasireotide diaspartate,VMZMNAABQBOLAK-DBILLSOUSA-N
Pasireotide,VMZMNAABQBOLAK-UHTANWJSSA-N
PASIREOTIDE,VMZMNAABQBOLAK-VBXSPNAFSA-N
A 81988,DLMNZGAILMQDHA-UHFFFAOYSA-N
Oxaprotiline hydrochloride,FDXQKWSTUZCCTM-UHFFFAOYSA-N
Levoprotiline hydrochloride,FDXQKWSTUZCCTM-ZUIJCZDSSA-N
flusoxolol,CYCXZGUVPDRYLG-UHFFFAOYSA-N
FLUSOXOLOL,CYCXZGUVPDRYLG-FQEVSTJZSA-N
O-Desmethyltramadol,UWJUQVWARXYRCG-HIFRSBDPSA-N
Omnitram,UWJUQVWARXYRCG-UHFFFAOYSA-N
Roluperidone hydrochloride,RNRYULFRLCBRQS-UHFFFAOYSA-N
Clindamycin hydrochloride,KDLRVYVGXIQJDK-AWPVFWJPSA-N
Clindamycin gel,KDLRVYVGXIQJDK-NOWPCOIGSA-N
Benzoyl peroxide/clindamycin low dose,FDCJRJKVESWRDK-XJQDNNTCSA-N
CLINDAMYCIN HYDROCHLORIDE,KDLRVYVGXIQJDK-UBWKAXFLSA-N
Clindamycin/tretinoin,PJSRXCKFAODLHJ-MVWHHIKCSA-N
OCTODRINE,QNIVIMYXGGFTAK-UHFFFAOYSA-N
Ripretinib,WWOXKWLDMLMYQY-UHFFFAOYSA-N
Benzathine benzylpenicillin,WIDKTXGNSOORHA-CJHXQPGBSA-N
Procaine Penicillin,WHRVRSCEWKLAHX-LQDWTQKMSA-N
Penicillin G sodium,JGSARLDLIJGVTE-MBNYWOFBSA-N
Midecamycin acetate,GQNZGCARKRHPOH-RQIKCTSVSA-N
20-O-beta-D-Glucopyranosyl-20(S)-protopanaxadiol,FVIZARNDLVOMSU-IRFFNABBSA-N
Nimodipine,UIAGMCDKSXEBJQ-UHFFFAOYSA-N
Trabodenoson,AQLVRTWKJDTWQQ-SDBHATRESA-N
BNC-210,BVRPESWOSNFUCJ-UHFFFAOYSA-N
Methylprednisolone,VHRSUDSXCMQTMA-PJHHCJLFSA-N
BY-4070,FVZJIAUYFDQQKJ-DQEYMECFSA-N
Tolafentrine,FVZJIAUYFDQQKJ-JWQCQUIFSA-N
U 90042,CLPSAAPUJUVQPP-UHFFFAOYSA-N
P-218,VDGXZSSDCDPCRF-UHFFFAOYSA-N
MERBROMIN,GWQCGQYPYHOMSJ-UHFFFAOYSA-M
VSN-16R,SVYRYFAUQHVGAI-BMWLXYDHSA-N
NOXIPTILINE,GPTURHKXTUDRPC-UHFFFAOYSA-N
AU 8001,FILYHFFLMZBUSY-UHFFFAOYSA-N
NARCOBARBITAL,WGMASVSHOSNKMF-UHFFFAOYSA-N
PF-03635659,WGOJWDWKHJHXSV-UHFFFAOYSA-N
Seletinoid G,MQIRDWDCKACDRZ-DUXPYHPUSA-N
WX-UK1,ISJSHQTWOHGCMM-NDEPHWFRSA-N
Gosogliptin hydrochloride,QWEWGXUTRTXFRF-KBPBESRZSA-N
Deacetyl moxisylyte hydrochloride,KBMJKFIPTVIFOH-UHFFFAOYSA-N
Brofaromine hydrochloride,WZXHSWVDAYOFPE-UHFFFAOYSA-N
Doxefazepam,VOJLELRQLPENHL-UHFFFAOYSA-N
SILVER FLUORIDE,REYHXKZHIMGNSE-UHFFFAOYSA-M
SILVER NITRATE,SQGYOTSLMSWVJD-UHFFFAOYSA-N
SILVER PICRATE,TYTYIUANSACAEM-UHFFFAOYSA-M
A 277249,PEOGZQMDIONZGY-UHFFFAOYSA-N
A 277232,OFXAEWYLVPBGGU-UHFFFAOYSA-N
GLYHEXAMIDE,NFRPNQDSKJJQGV-UHFFFAOYSA-N
Tazifylline hydrochloride,JTOUASWUIMAMAD-UHFFFAOYSA-N
AMIDEFRINE,ZHOWHMXTJFZXRB-UHFFFAOYSA-N
Mexazolam,ANUCDXCTICZJRH-UHFFFAOYSA-N
Fostedil,FVYRUSCZCWSFLT-UHFFFAOYSA-N
PD 171791,UFRCBUVLZQZWPP-UHFFFAOYSA-N
Emitefur,WTSKMKRYHATLLL-UHFFFAOYSA-N
AKN-028,JLRIJKVMMZEKDF-UHFFFAOYSA-N
BMS-194449,FUKHGCVTMAEHRG-NRFANRHFSA-N
GSK-2256098,BVAHPPKGOOJSPU-UHFFFAOYSA-N
Anisperimus,PZDPVSFZTKORSP-OAHLLOKOSA-N
AMOSCANATE,DKVNAGXPRSYHLB-UHFFFAOYSA-N
DSM-421,HDLFZCDEGAWEFX-UHFFFAOYSA-N
[N-MeIle4]-cyclosporin,RPJPZDVUUKWPGT-FOIHOXPVSA-N
Geclosporin,ZMKGDQSIRSGUDJ-VSROPUKISA-N
GECLOSPORIN,ZMKGDQSIRSGUDJ-IMVLJIQESA-N
Lonapalene,IFWMVQUGSGWCRP-UHFFFAOYSA-N
OSI-754,JAHDAIPFBPPQHQ-UHFFFAOYSA-N
BTZ-10526043,GTUIRORNXIOHQR-VIFPVBQESA-N
Pemafibrate,ZHKNLJLMDFQVHJ-RUZDIDTESA-N
SCH-412348,JZAMQDDHRXHDFR-UHFFFAOYSA-N
Ro-24-0238,HLCHRSFXEXAMLU-YDQNRGGDSA-N
Dilmapimod,ORVNHOYNEHYKJG-UHFFFAOYSA-N
VTP-27999,NXWASIVXQMMPLM-ZXMXYHOLSA-N
LOMIFYLLINE,XBEDAMVJWVPVDS-UHFFFAOYSA-N
CHLORMIDAZOLE,WNAQOLSMVPFGTE-UHFFFAOYSA-N
Crobenetine,VCCBCXVFGHTDQN-UODBTFMRSA-N
GW784568X,YLMVVEDAZPUKCY-UHFFFAOYSA-N
Mivavotinib citrate,MJHOMTRKVMKCNE-NWDGAFQWSA-N
Febuprol,WBLXZPHICYCDGN-UHFFFAOYSA-N
S-3536,JDHBSANRAFEDMI-QGZVFWFLSA-N
PNU 101850,ZUCNNVYWVZZXGZ-AWEZNQCLSA-N
SCH 49648,FLOJCNYYPGNYBP-RQJHMYQMSA-N
METHYLPREDNISOLONE,VHRSUDSXCMQTMA-WHRMJWEKSA-N
PITOFENONE,NZHMAQSCHUSSSJ-UHFFFAOYSA-N
MEPREDNISONE,PIDANAQULIKBQS-HNOCYJEDSA-N
Prasterone sulfate,CZWCKYRVOZZJNM-USOAJAOKSA-N
Daprodustat,RUEYEZADQJCKGV-UHFFFAOYSA-N
UHSRTNOSWQFEHW-QGZVFWFLSA-N,UHSRTNOSWQFEHW-QGZVFWFLSA-N
IFOXETINE,ZHFIAFNZGWCLHU-YPMHNXCESA-N
Telacebec,OJICYBSWSZGRFB-UHFFFAOYSA-N
Triletide,ZHAGGRWTJXROKV-WXFUMESZSA-N
triletide,ZHAGGRWTJXROKV-TZRRMPRUSA-N
FPL-52694,YQCGBHBRCNCNLL-UHFFFAOYSA-N
SB-281832,ZDKIAVFEUPUCMR-UHFFFAOYSA-N
PNU 141059,SHAZGXQGMWOJSM-HNNXBMFYSA-N
Ridinilazole,UHQFBTAJFNVZIV-UHFFFAOYSA-N
KRP-101,VRHOBXXCNBZJRX-IBGZPJMESA-N
Cholic acid,BHQCQFFYRZLCQQ-OELDTZBJSA-N
CPI-0610,GCWIQUVXWZWCLE-INIZCTEOSA-N
PNU 101099,QCJUVAWBUTUUML-KRWDZBQOSA-N
RO-316930,PQVILGHAVGQHRP-UHFFFAOYSA-N
CI 1044,XGXOSJSGDNPEEF-NRFANRHFSA-N
Isometheptene hydrochloride,XVQUOJBERHHONY-UHFFFAOYSA-N
SUSALIMOD,WJLQPSZXCOYTHS-UHFFFAOYSA-N
SDZ-LAV-694,PLSOFLNMARXGBD-UHFFFAOYSA-N
ICI-73602,CYYRMFOTFFNLCL-UHFFFAOYSA-O
AP-21733,OLJMSXRNFOUYJF-XDHUDOTRSA-N
AZD-3409,HKGUHEGKBLYKHY-QMOZSOIISA-N
PRENOXDIAZINE,PXZDWASDNFWKSD-UHFFFAOYSA-N
Apramycin,XZNUGFQTQHRASN-XQENGBIVSA-N
Etoperidone hydrochloride,IZBNNCFOBMGTQX-UHFFFAOYSA-N
Cronidipine,CNIJVNPIIHWRRP-UHFFFAOYSA-N
Levonadifloxacin arginine salt,JYJTVFIEFKZWCJ-JTQLQIEISA-N
AZAMULIN,FMHQJXGMLMSMLC-WBUYAQKGSA-N
azamulin,FMHQJXGMLMSMLC-OSSLGXLTSA-N
PF-915275,ZESFDAKNYJQYKO-UHFFFAOYSA-N
Cipemastat,GFUITADOEPNRML-SJORKVTESA-N
CIPEMASTAT,GFUITADOEPNRML-IAGOWNOFSA-N
BB 83698,BHDLTTMCLJUXJB-TZIWHRDSSA-N
CO 177843,URXMRSFPBTZPCZ-VLLYGJJVSA-N
VRC-4349,DCGOBMXDEKHEOP-KRWDZBQOSA-N
BB 1101,GKHRDWHFKKUYAX-KSZLIROESA-N
L-670596,GMJWAIMJHBTYPD-UHFFFAOYSA-N
Fusidic acid sodium salt,IECPWNUMDGFDKC-MZJAQBGESA-N
FUSIDIC ACID,IECPWNUMDGFDKC-OHKGZEFISA-N
Idelalisib,IFSDAJWBUCMOAH-HNNXBMFYSA-N
20-Hydroxyecdysone,NKDFYOWSKOHCCO-QZELUQRGSA-N
ECDYSTERONE,NKDFYOWSKOHCCO-QUOJMMGDSA-N
BMS-903452,OGIAVRWXUPYGGC-UHFFFAOYSA-N
D 21151,CSHSXUZQMJVDJY-UHFFFAOYSA-N
Firsocostat,ZZWWXIBKLBMSCS-FQEVSTJZSA-N
Pimodivir,JGPXDNKSIXAZEQ-UIHHKEIPSA-N
VRC-4156,NOXZTWCSCDTWKJ-HNNXBMFYSA-N
RO-31-9790,QRXOZHSEEGNRFC-ZYHUDNBSSA-N
SB 268091,YCLRVZOPBZJOCL-XYZCWNAUSA-N
GDC-0152,WZRFLSDVFPIXOV-LRQRDZAKSA-N
alpha-Anordrin,NOECSYBNZHIVHW-LKADTRSGSA-N
GRC-17536,KCVLNFSMKJDCRV-UHFFFAOYSA-N
E-4767,FGAPXYWEQVSGDJ-JVXZTZIISA-N
METHACYCLINE HYDROCHLORIDE,MHIGBKBJSQVXNH-IWVLMIASSA-N
Radezolid,BTTNOGHPGJANSW-IBGZPJMESA-N
RX-01-667,BTTNOGHPGJANSW-UHFFFAOYSA-N
ABT-719,AUUKUAHPMHVZJL-NSHDSACASA-N
Sitafloxacin hydrate,PNUZDKCDAWUEGK-CYZMBNFOSA-N
SITAFLOXACIN,PNUZDKCDAWUEGK-WCFLWFBJSA-N
Nadifloxacin,JYJTVFIEFKZWCJ-UHFFFAOYSA-N
Delafloxacin,DYDCPNMLZGFQTM-UHFFFAOYSA-N
Delafloxacin meglumine,AHJGUEMIZPMAMR-WZTVWXICSA-N
Gepotidacin,PZFAZQUREQIODZ-LJQANCHMSA-N
Garenoxacin mesilate,NJDRXTDGYFKORP-LLVKDONJSA-N
Acorafloxacin,VMKVDAAFMQKZJS-LFIBNONCSA-N
Zoliflodacin,ZSWMIFNWDQEXDT-ZESJGQACSA-N
A 2524440,CMEFLKIFRPLMJK-UHFFFAOYSA-N
CGP-27557,BHYRGODCLWGHQG-LCBDOTBSSA-N
AVE-6971,DSLCRNMTGWECHB-FHZYATBESA-N
LBM-415,LYPFVIYNUQCDPM-HIFRSBDPSA-N
Tomivosertib hydrochloride,HKTBYUWLRDZAJK-UHFFFAOYSA-N
5-bromodeoxyuridine,WOVKYSAHUYNSMH-UHFFFAOYSA-N
Bromodeoxyuridine,WOVKYSAHUYNSMH-RRKCRQDMSA-N
CP-466722,ILBRKJBKDGCSCB-UHFFFAOYSA-N
DW 286,FBFAUZJZQKXEGH-OEAKJJBVSA-N
DW-286a,FBFAUZJZQKXEGH-IXOWOOARSA-N
FMAU,GBBJCSTXCAQSSJ-JVZYCSMKSA-N
saperconazole,HUADITLKOCMHSB-UHFFFAOYSA-N
Saperconazole,HUADITLKOCMHSB-AVQIMAJZSA-N
S-1255,BATSJXIVNKJCKQ-AREMUKBSSA-N
CI-201,JGGNOCUEWOGWPL-MUUNZHRXSA-N
D-20133,CUQJLYFFQBHUGW-UHFFFAOYSA-N
BIRB-1017,KAZMQKPLIPWQNO-UHFFFAOYSA-N
FLX-925,BBUVDDPUURMFOX-SAABIXHNSA-N
Upamostat,HUASEDVYRABWCV-NDEPHWFRSA-N
LY-2090314,HRJWTAWVFDCTGO-UHFFFAOYSA-N
Bisacodyl,KHOITXIGCFIULA-UHFFFAOYSA-N
Selonsertib hydrochloride,YIDDLAAKOYYGJG-UHFFFAOYSA-N
Docetaxel,ZDZOTLJHXYCWBA-FLDIECJBSA-N
ATI 1123,ZDZOTLJHXYCWBA-IEXQXDKZSA-N
GDC-0623,RFWVETIZUQEJEF-UHFFFAOYSA-N
OXAMFLATIN,QRPSQQUYPMFERG-LFYBBSHMSA-N
Tamatinib besilate,NHHQJBCNYHBUSI-UHFFFAOYSA-N
MK-5108,LCVIRAZGMYMNNT-VVONHTQRSA-N
Nedaplatin,PBZBXDCHQQCLGL-UHFFFAOYSA-M
"ceftriaxone, oral, ORx Pharmaceutical",VAAUVRVFOQPIGI-DAMLXXHOSA-N
DIFENPIRAMIDE,PWHROYKAGRUWDQ-UHFFFAOYSA-N
Mosapride citrate,YPELFRMCRYSPKZ-UHFFFAOYSA-N
ETHACRIDINE,CIKWKGFPFXJVGW-UHFFFAOYSA-N
Aripiprazole,CEUORZQYGODEFX-UHFFFAOYSA-N
"S-trans,trans-Farnesylthiosalicylamide",GZTMFRUGZMZCRD-CFBAGHHKSA-N
Erythromycin lactobionate,NNRXCKZMQLFUPL-WBMZRJHASA-N
Benzoyl peroxide/erythromycin,WIOGLCCGCVXFCT-YZPBMOCRSA-N
Erythromycin stearate,YAVZHCFFUATPRK-YZPBMOCRSA-N
DIRITHROMYCIN,WLOHNSSYAXHWNR-ZWWXSXDBSA-N
dirithromycin,WLOHNSSYAXHWNR-ZGNBNENKSA-N
Dirithromycin,WLOHNSSYAXHWNR-DWIOZXRMSA-N
tenofovir alafenamide,LDEKQSIMHVQZJK-CAQYMETFSA-N
Tenofovir alafenamide fumarate,SVUJNSGGPUCLQZ-FQQAACOVSA-N
GS-7340,LDEKQSIMHVQZJK-AAGLAYRLSA-N
Emtricitabine/rilpivirine/tenofovir alafenamide,GHWBYIZAYFIRPA-PPEAAZTNSA-N
Ceftriaxone sodium,VAAUVRVFOQPIGI-SPQHTLEESA-N
ceftriaxone,VAAUVRVFOQPIGI-HJZOYJAESA-M
ranbezolid,PWHNTOQANLCTHN-KRWDZBQOSA-N
Grepafloxacin hydrochloride,AIJTTZAVMXIJGM-UHFFFAOYSA-N
CAPREOMYCIN SULFATE,JNIIDKODPGHQSS-DHDCSXOGSA-N
Adefovir dipivoxil,WOZSCQDILHKSGG-UHFFFAOYSA-N
CHLORQUINALDOL,GPTXWRGISTZRIO-UHFFFAOYSA-N
Butoconazole nitrate,SWLMUYACZKCSHZ-UHFFFAOYSA-N
VIOMYCIN SULFATE,GXFAIFRPOKBQRV-QPEQYQDCSA-N
CLOXYQUIN,CTQMJYWDVABFRZ-UHFFFAOYSA-N
Parthenolide,KTEXNACQROZXEV-SLXBATTESA-N
PARTHENOLIDE,KTEXNACQROZXEV-PWNZVWSESA-N
FTIVAZIDE,PSWOBQSIXLVPDV-CXUHLZMHSA-N
TILIQUINOL,RPVGLMKJGQMQSN-UHFFFAOYSA-N
Novobiocin sodium,YJQPYGGHQPGBLI-KGSXXDOSSA-N
NOVOBIOCIN SODIUM,YJQPYGGHQPGBLI-UHFFFAOYSA-N
Seglitide,NPJIOCBFOAHEDO-AVWFULIKSA-N
seglitide,NPJIOCBFOAHEDO-UHFFFAOYSA-N
U 97456,WKRFERLNJPHDOT-ZDUSSCGKSA-N
RWJ 306490,WNMIAFVZPGVGGG-HNNXBMFYSA-N
Clarithromycin,AGOYDEPGAOXOCK-KCBOHYOISA-N
CLARITHROMYCIN,AGOYDEPGAOXOCK-UBXCYYCXSA-N
Amoxicillin/clarithromycin/omeprazole co-packaged,OAMZCCKOMNJAPV-GEVQPYONSA-N
Difloxacin hydrochloride,NOCJXYPHIIZEHN-UHFFFAOYSA-N
CEFTEZOLE,DZMVCVMFETWNIU-LDYMZIIASA-N
Econazole nitrate,LEZWWPYKPKIXLL-UHFFFAOYSA-N
Estradiol-dinicate,OMYYNMAXTHDLFS-KACYJRNJSA-N
S 37245,ZRNLPHXYMGQDMJ-ICSRJNTNSA-N
Pafuramidine maleate,UKOQVLAXCBRRGH-UHFFFAOYSA-N
PNU-288034,HSGZLFWXBIVLBD-LBPRGKRZSA-N
PA 1297,NZDYNTIKGPFZCN-JTQLQIEISA-N
Contezolid,SULYVXZZUMRQAX-NSHDSACASA-N
RX-01-423,IBXDWOGXZNFARB-IBGZPJMESA-N
PNU 176968,VRQMYABRBQHVPL-NSHDSACASA-N
cefozopran,QDUIJCOKQCCXQY-MYKKPKGFSA-N
JM 335,WNDSNPNAACVUTR-UHFFFAOYSA-J
ceftizoxime,NNULBSISHYWZJU-OQDJZFHQSA-N
Ceftizoxime sodium,NNULBSISHYWZJU-LLKWHZGFSA-N
PNU 171832,UZDQAKCZSLBAOL-QGZVFWFLSA-N
Neticonazole hydrochloride,VWOIKFDZQQLJBJ-DTQAZKPQSA-N
NETICONAZOLE,VWOIKFDZQQLJBJ-SSZFMOIBSA-N
Norvancomycin,NUAQIRUAZSJTAI-YRPZDAAMSA-N
Besifloxacin hydrochloride,QFFGVLORLPOAEC-SNVBAGLBSA-N
Marbofloxacin,BPFYOAJNDMUVBL-UHFFFAOYSA-N
Sparfloxacin,DZZWHBIBMUVIIW-DTORHVGOSA-N
Moxifloxacin hydrochloride,FABPRXSRWADJSP-MEDUHNTESA-N
Clioquinol,QCDFBFJGMNKBDO-UHFFFAOYSA-N
Cefozopran hydrochloride,QDUIJCOKQCCXQY-WHJQOFBOSA-O
Danofloxacin,QMLVECGLEOSESV-VXGBXAGGSA-N
Gatifloxacin,XUBOMFCQGDBHNK-UHFFFAOYSA-N
BROXYQUINOLINE,ZDASUJMDVPTNTF-UHFFFAOYSA-N
Balofloxacin dihydrate,MGQLHRYJBWGORO-UHFFFAOYSA-N
FLOMOXEF,UHRBTBZOWWGKMK-DOMZBBRYSA-N
Flomoxef sodium,UHRBTBZOWWGKMK-CVRLYYSRSA-N
CI-934,BAYYCLWCHFVRLV-UHFFFAOYSA-N
PD-131112,ZVZRDFTXNAZBOX-UWVGGRQHSA-N
Cadrofloxacin hydrochloride,QBDBUKJBJJWZMG-VIFPVBQESA-N
Otilonium bromide,NQHNLNLJPDMBFN-UHFFFAOYSA-O
Sutezolid,FNDDDNOJWPQCBZ-ZDUSSCGKSA-N
Pretomanid,ZLHZLMOSPGACSZ-NSHDSACASA-N
PNU 172576,CNKRAEIVSKYEGR-ZDUSSCGKSA-N
Isoniazid,QRXWMOHMRWLFEY-UHFFFAOYSA-N
Tioconazole,QXHHHPZILQDDPS-UHFFFAOYSA-N
Bedaquiline fumarate,QUIJNHUBAXPXFS-XLJNKUFUSA-N
Isoconazole nitrate,MPIPASJGOJYODL-UHFFFAOYSA-N
Teicoplanin-A2-5,FHBQKTSCJKPYIO-XZGUSLHLSA-N
ARSTHINOL,MRUDSZSRLQAPOG-UHFFFAOYSA-N
TOP-53,KLCCMMSKRMSMKI-GNKLTPSMSA-N
[18F]Clofarabine,WDDPHFBMKLOVOX-CZKFYJPXSA-N
Clofarabine,WDDPHFBMKLOVOX-AYQXTPAHSA-N
Serdemetan,CEGSUKYESLWKJP-UHFFFAOYSA-N
Tranilast,NZHGWWWHIYHZNX-CSKARUKUSA-N
etoposide,VJJPUSNTGOMMGY-JWMKSPNJSA-N
ETOPOSIDE,VJJPUSNTGOMMGY-BQZFVAJISA-N
Gemcitabine elaidate,HESSNRGIEVBPRB-QDDPNBLJSA-N
gemcitabine elaidate,HESSNRGIEVBPRB-PLBXONRJSA-N
Deferoxamine,UBQYURCVBFRUQT-UHFFFAOYSA-N
Etoposide,VJJPUSNTGOMMGY-MRVIYFEKSA-N
S-23906-1,OASYWNFOHKQIGI-SVBPBHIXSA-N
S 239061,OASYWNFOHKQIGI-UHFFFAOYSA-N
Win-33377,NAMOLZVVTPNNTE-UHFFFAOYSA-N
LX-7101,PWPNYABQEOGNNC-UHFFFAOYSA-N
JNJ-17166864,BXCVNDLGUWFNBK-UHFFFAOYSA-O
Dubermatinib,YUAALFPUEOYPNX-UHFFFAOYSA-N
Netarsudil mesylate,OURRXQUGYQRVML-AREMUKBSSA-N
Pemirolast,HIANJWSAHKJQTH-UHFFFAOYSA-N
Uprosertib,AXTAPYRUEKNRBA-JTQLQIEISA-N
Brexpiprazole,ZKIAIYBUSXZPLP-UHFFFAOYSA-N
Tenofovir disoproxil fumarate,JFVZFKDSXNQEJW-CQSZACIVSA-N
Efavirenz/lamivudine/tenofovir disoproxil fumarate,OODSRGGFVDYOSH-HIQGCBGQSA-N
Cimduo,DHBUGPKREPJNHI-OAONBKNBSA-N
Emtricitabine/tenofovir disoproxil fumarate,VERWQPYQDXWOGT-LVJNJWHOSA-N
Tenofovir disoproxil aspartate,JFVZFKDSXNQEJW-AWEZNQCLSA-N
Lamivudine/tenofovir disoproxil fumarate,DHBUGPKREPJNHI-RFXYBNFFSA-N
Avonza,OODSRGGFVDYOSH-WVZXIJSKSA-N
Doravirine/lamivudine/tenofovir disoproxil fumarate,OJHIOZPNHWHGKG-WHKHEBITSA-N
OSH-101,TYFTWYMXUWCOOB-YICLCXKGSA-N
Metildigoxin,IYJMSDVSVHDVGT-PEQKVOOWSA-N
MEDIGOXIN,IYJMSDVSVHDVGT-HNDHMMHXSA-N
VLX-1570,SCKXBVLYWLLALY-CZCYGEDCSA-N
Fadraciclib,DLPIYBKBHMZCJI-WBVHZDCISA-N
Spisulosine,YRYJJIXWWQLGGV-ZWKOTPCHSA-N
Capivasertib,JDUBGYFRJFOXQC-KRWDZBQOSA-N
MAGNESIUM PEROXIDE,MHAJPDPJQMAIIY-UHFFFAOYSA-N
UK-383367,ARJCBSRIPGJMAD-LLVKDONJSA-N
Linrodostat,KRTIYQIPSAGSBP-ZACQAIPSSA-N
Seclidemstat mesylate,MVSQDUZRRVBYLA-HYARGMPZSA-N
GANSTIGMINE,ZOBDWFRKFSPCRB-IAXKEJLGSA-N
Ganstigmine hydrochloride,ZOBDWFRKFSPCRB-UNMCSNQZSA-N
Procaspase activating compound-1,YQNRVGJCPCNMKT-LFVJCYFKSA-N
UNBS-5162,WCKZRLOUKYFJDY-UHFFFAOYSA-N
Elacestrant,SIFNOOUKXBRGGB-AREMUKBSSA-N
Amonafide,UPALIKSFLSVKIS-UHFFFAOYSA-N
Vosaroxin,XZAFZXJXZHRNAQ-STQMWFEESA-N
ETOFAMIDE,QTRALMGDQMIVFF-UHFFFAOYSA-N
AMG-900,IVUGFMLRJOCGAS-UHFFFAOYSA-N
AMINITROZOLE,UJRRDDHEMZLWFI-UHFFFAOYSA-N
Ornidazole,IPWKIXLWTCNBKN-UHFFFAOYSA-N
(S)-Ornidazole,IPWKIXLWTCNBKN-ZCFIWIBFSA-N
abunidazole,DBOZSKOENGSGEJ-UHFFFAOYSA-N
Satranidazole,FNSHYEAUAUHIMB-UHFFFAOYSA-N
Alisertib,ZLHFILGSQDJULK-UHFFFAOYSA-N
Abemaciclib mesylate,UZWDCWONPYILKI-UHFFFAOYSA-N
Dasatinib,ZBNZXTGUTAYRHI-UHFFFAOYSA-N
BMS-754807,LQVXSNNAFNGRAH-QHCPKHFHSA-N
PND-1186,IGUBBWJDMLCRIK-UHFFFAOYSA-N
SU-9516,QNUKRWAIZMBVCU-WCIBSUBMSA-N
AZD-8835,ZGRDYKFVDCFJCZ-UHFFFAOYSA-N
Bosutinib,UBPYILGKFZZVDX-UHFFFAOYSA-N
Exifone,XEDWWPGWIXPVRQ-UHFFFAOYSA-N
GALLACETOPHENONE,XIROXSOOOAZHLL-UHFFFAOYSA-N
Bonaphthone,MXWZRRPNVLCHMY-UHFFFAOYSA-N
ADRENOCHROME,RPHLQSHHTJORHI-UHFFFAOYSA-N
beta-Lapachone,QZPQTZZNNJUOLS-UHFFFAOYSA-N
Theaflavin,IPMYMEWFZKHGAX-ZKSIBHASSA-N
NBI 31772,ZCMFEWUYBFMLIN-UHFFFAOYSA-N
Sodium tanshinone II-A sulfonate,UJCACMLMPLLRGW-UHFFFAOYSA-N
EUK-189,KXTUTHZAUZDAFX-FDOBHKDXSA-K
alpha-Linolenic acid,DTOSIQBPPRVQHS-PDBXOOCHSA-N
Icosapent,JAZBEHYOTPTENJ-JLNKQSITSA-N
OMEGA-3-CARBOXYLIC ACIDS,KPOOEHKKVJXAEF-VPYKRRBTSA-N
Diroleuton,HOBAELRKJCKHQD-QNEBEIHSSA-N
DHLA,HOBAELRKJCKHQD-YHTMAJSVSA-N
Noradrenaline,SFLSHLFXELFNJZ-QMMMGPOBSA-N
NOREPINEPHRINE BITARTRATE,SFLSHLFXELFNJZ-UHFFFAOYSA-N
Pyrazoloacridine,HZCWPKGYTCJSEB-UHFFFAOYSA-N
BENSERAZIDE,BNQDCRGUHNALGH-UHFFFAOYSA-N
Kusaginin,FBSKJMQYURKNSU-ZLSOWSIRSA-N
Hexoprenaline sulfate,OXLZNBCNGJWPRV-UHFFFAOYSA-N
ADU-S100,IZJJFUQKKZFVLH-YBVMPXGUSA-L
ADU S100,IZJJFUQKKZFVLH-XRCCWZEWSA-N
SENNOSIDES,IPQVTOJGNYVQEO-UHFFFAOYSA-N
FP-21399,ZHLWZRQBFUUDMG-PWABEOQWSA-J
Triclabendazole,NQPDXQQQCQDHHW-UHFFFAOYSA-N
iOWH-032,DSFNLJXHXBIKDS-UHFFFAOYSA-N
Ataciguat,PQHLRGARXNPFCF-UHFFFAOYSA-N
Atopaxar,QWKAUGRRIXBIPO-UHFFFAOYSA-N
E-5555,QWKAUGRRIXBIPO-PNOGMODKSA-N
Sivifene,YOQPCWIXYUNEET-UHFFFAOYSA-N
BARNIDIPINE,VXMOONUMYLCFJD-XADRRFQNSA-N
Azelnidipine,ZKFQEACEUNWPMT-UHFFFAOYSA-N
Brivanib,WCWUXEGQKLTGDX-LLVKDONJSA-N
RS 39604,BKVIWGRFRKLFIO-UHFFFAOYSA-N
Ripasudil hydrochloride hydrate,QSKQVZWVLOIIEV-NSHDSACASA-N
Imatinib mesylate,KTUFNOKKBVMGRW-UHFFFAOYSA-N
T cell replacement therapy,QDBPSMVYZMGGGG-UHFFFAOYSA-O
Proflavine,WDVSHHCDHLJJJR-UHFFFAOYSA-N
THIOPROPERAZINE,VZYCZNZBPPHOFY-UHFFFAOYSA-N
NNC 090026,FRYUKTHFAUUZRK-HYBUGGRVSA-N
NCO-700,UCQXHOZNZSIQIO-TZYHBYERSA-N
Pancopride,DBQMQBCSKXTCIJ-UHFFFAOYSA-N
PIPAMAZINE,OSJJYEUEJRVVOD-UHFFFAOYSA-N
Reserpine,QEVHRUUCFGRFIF-MDEJGZGSSA-N
HCKNYEGHWWKJLK-GOSISDBHSA-N,HCKNYEGHWWKJLK-GOSISDBHSA-N
Monatepil maleate,WFNRNNUZFPVBSM-UHFFFAOYSA-N
SMN-C3,ZACWYYKZMLGOTG-UHFFFAOYSA-N
NSC-354258,MHDPPLULTMGBSI-LZGMGDPASA-N
8-Cl-Ado,MHDPPLULTMGBSI-UUOKFMHZSA-N
diclofensine,ZJDCGVDEEHWEIG-UHFFFAOYSA-N
GS-9901,XDSXYMOZKDUASY-INIZCTEOSA-N
Trimipramine maleate,ZSCDBOWYZJWBIY-UHFFFAOYSA-N
(R)-[11C]Verapamil,SGTNSNPWRIOYBX-HUHUVLBOSA-N
(S)-Verapamil,SGTNSNPWRIOYBX-MHZLTWQESA-N
Valproate semisodium,NIJJYAXOARWZEE-UHFFFAOYSA-N
Atorvastatin,XUKUURHRXDUEBC-KAYWLYCHSA-N
Atorvastatin/S-metoprolol/ramipril,YFWHHJISFQCIDE-DNEMHIMOSA-N
atorvastatin calcium,FQCKMBLVYCEXJB-ZDYNVFCDSA-L
ATORVASTATIN CALCIUM,SHZPNDRIDUBNMH-NIJVSVLQSA-L
Atorvastatin/irbesartan,HJNZCOUKMKBKLV-CNZCJKERSA-N
Amlodipine/atorvastatin/perindopril ,JPPWVBDKJMFGNI-VKPVFPLHSA-N
Atorvastatin/ezetimibe,GIRQUEZTDUZNPE-GQKVEGPNSA-N
Atorvastatin strontium,GPNFRRPXCRWXHN-MNSAWQCASA-L
Atorvastatin calcium,FQCKMBLVYCEXJB-MNSAWQCASA-L
Vildagliptin,SYOKIDBDQMKNDQ-XWTIBIIYSA-N
VILDAGLIPTIN,SYOKIDBDQMKNDQ-JULPFRMLSA-N
Duvoglustat hydrochloride,LXBIFEVIBLOUGU-JGWLITMVSA-N
Migalastat hydrochloride,LXBIFEVIBLOUGU-DPYQTVNSSA-N
AT-2220,LXBIFEVIBLOUGU-CLEROBSHSA-N
Umifenovir hydrochloride,KCFYEAOKVJSACF-UHFFFAOYSA-N
Lumiracoxib,KHPKQFYUPIUARC-UHFFFAOYSA-N
COH-29,LGGDLPSXAGQFSG-UHFFFAOYSA-N
NS 638,GXQCVUZORDAARJ-UHFFFAOYSA-N
Triiodothyropropionic acid,VRORTNGXAKZJML-UHFFFAOYSA-N
PURVALANOL A,PMXCMJLOPOFPBT-HNNXBMFYSA-N
Pterostilbene,VLEUZFDZJKSGMX-ONEGZZNKSA-N
Lofendazam,RYJLVAQAWJNSLS-UHFFFAOYSA-N
NRC-2694,WBKHQQZRHCECKK-UHFFFAOYSA-N
JTS-653,QZUCKCLSVBFSOS-INIZCTEOSA-N
Naltiazem,GWVJLVHNKMLXRM-RPWUZVMVSA-N
naltiazem,GWVJLVHNKMLXRM-CGAIIQECSA-N
SB 265610,SEDUMQWZEOMXSO-UHFFFAOYSA-N
Elubrixin tosylate,YQYFEGTYCUQBEI-UHFFFAOYSA-N
BMS-189664,UCVAQBJLJIKTFJ-MOPGFXCFSA-N
ICI-170809,ARPRLCXPAGXBRL-UHFFFAOYSA-N
L-655240,JLPYLHLUHJOPNL-UHFFFAOYSA-N
Cannabidiol,QHMBSVQNZZTUGM-ZWKOTPCHSA-N
IA-ALPHA-5-2,QILRYFCEXLFIDS-UHFFFAOYSA-N
KY 331,PYKUTRHZEJHOFS-UHFFFAOYSA-N
CGP-75166,XRYJULCDUUATMC-CYBMUJFWSA-N
AD 8717,PKZCOQYQGMAVLN-UHFFFAOYSA-N
PF-05212372,HWNIPKHEEVNHMN-UHFFFAOYSA-N
JNJ-38877618,KOAWAWHSMVKCON-UHFFFAOYSA-N
AM-103,DGCSBHYGDCRAOB-UHFFFAOYSA-N
DHP-218,GSWINTXYUFHJGW-UHFFFAOYSA-N
BENZIODARONE,CZCHIEJNWPNBDE-UHFFFAOYSA-N
ZK-93426,VMDUABMKBUKKPG-UHFFFAOYSA-N
AZD4694,MYNQXTDIPMCJCR-UHFFFAOYSA-N
Flutafuranol (18F),MYNQXTDIPMCJCR-HUYCHCPVSA-N
11-Keto-beta-boswellic acid,YIMHGPSYDOGBPI-IQQSWPBXSA-N
DINOPROST TROMETHAMINE,PXGPLTODNUVGFL-AFSIVQRVSA-N
CPI-975,HSNUXANXVHLGQT-HXUWFJFHSA-N
SDZ CPI 975,HSNUXANXVHLGQT-UHFFFAOYSA-N
Verapamil hydrochloride,SGTNSNPWRIOYBX-UHFFFAOYSA-N
Pruvanserin hydrochloride,AQRLDDAFYYAIJP-UHFFFAOYSA-N
Prinaberel,MQIMZDXIAHJKQP-UHFFFAOYSA-N
CP-105696,KMNLXCBYBKHKSK-BKMJKUGQSA-N
BM 500,SXERSHFSQXOIPF-UHFFFAOYSA-N
tomoxiprole,XVDXNSRMHBAVAX-UHFFFAOYSA-N
TJ-14,IKIIZLYTISPENI-ZFORQUDYSA-N
Carvedilol,OGHNVEJMJSYVRP-UHFFFAOYSA-N
AGSCT-101,OGHNVEJMJSYVRP-KRWDZBQOSA-N
AEE-788,OONFNUWBHFSNBT-HXUWFJFHSA-N
Bay-x-7195,MHKAEITVUICXRN-BPGQXAFDSA-N
ARRY-797,IFGWYHGYNVGVRB-UHFFFAOYSA-N
Talnetant,BIAVGWDGIJKWRM-FQEVSTJZSA-N
TALNETANT,BIAVGWDGIJKWRM-HXUWFJFHSA-N
CFI 400945,DADASRPKWOGKCU-IHKPOXLFSA-N
"NPY Y5 receptor antagonists, Shionogi",RGFBZLBLQNVLCJ-UHFFFAOYSA-N
TUBOCURARINE CHLORIDE,JFJZZMVDLULRGK-UHFFFAOYSA-O
PRD-92-Ea,AYXKVDRDWWQQTD-UHFFFAOYSA-N
Isradipine,HMJIYCCIJYRONP-UHFFFAOYSA-N
Velneperit,WGEWUYACXPEFPO-AULYBMBSSA-N
S-2367,WGEWUYACXPEFPO-NZEXNKGESA-N
Triiodothyroacetic,UOWZUVNAGUAEQC-UHFFFAOYSA-N
BAMETHAN,RDUHXGIIUDVSHR-UHFFFAOYSA-N
QUIPAZINE,XRXDAJYKGWNHTQ-UHFFFAOYSA-N
enolicam,ANOGOQXCGBMIJV-UHFFFAOYSA-N
SRA-737,YBYYWUUUGCNAHQ-LLVKDONJSA-N
CP-724714,LLVZBTWPGQVVLW-SNAWJCMRSA-N
Grazoprevir hydrate,OBMNJSNZOWALQB-NCQNOWPTSA-N
Linagliptin,LTXREWYXXSTFRX-QGZVFWFLSA-N
Denotivir,ZPBLNADJHWHOEP-UHFFFAOYSA-N
Arterolane maleate,VXYZBLXGCYNIHP-MMNSZCNZSA-N
RBX-11160,VXYZBLXGCYNIHP-BUWLXLKLSA-N
Tazarotenic acid,IQIBKLWBVJPOQO-UHFFFAOYSA-N
LG-1550,JMPZTWDLOGTBPM-OUQSKUGOSA-N
FENDOSAL,HAWWPSYXSLJRBO-UHFFFAOYSA-N
Niacinamide,DFPAKSUCGFBDDF-UHFFFAOYSA-N
RP 69698,ZFDATWDBAKWOKP-UHFFFAOYSA-N
RPR-128515,XFKVLKLCLYJKNF-MZNJEOGPSA-N
Polmacoxib,IJWPAFMIFNSIGD-UHFFFAOYSA-N
PF-05241328,RVTSXVZXEGFIPW-UHFFFAOYSA-N
Gefitinib,XGALLCVXEZPNRQ-UHFFFAOYSA-N
AM-24,VAPDZNUFNKUROY-UHFFFAOYSA-N
D-15413,ZATDYQOGSPTLBG-UHFFFAOYSA-N
Sotirimod,ZXBCLVSLRUWISJ-UHFFFAOYSA-N
Poziotinib,LPFWVDIFUFFKJU-UHFFFAOYSA-N
AD-2646,PHOZLMDTTWWBAH-UHFFFAOYSA-N
Vandetanib,UHTHHESEBZOYNR-UHFFFAOYSA-N
DICHLOROPHEN,MDNWOSOZYLHTCG-UHFFFAOYSA-N
Fluorometholone acetate,YRFXGQHBPBMFHW-SBTZIJSASA-N
Linsitinib,PKCDDUHJAFVJJB-VLZXCDOPSA-N
Amibegron hydrochloride,RDJQCOBTKKAQAH-FPOVZHCZSA-N
Ulobetasol propionate,BDSYKGHYMJNPAB-LICBFIPMSA-N
HALOBETASOL PROPIONATE,BDSYKGHYMJNPAB-IZBJVIBESA-N
azeloprazole,PDJFCIIMPPXKEZ-UHFFFAOYSA-N
Benafentrine dimaleate,DCDXHGMCXGHXBM-PMACEKPBSA-N
BENAFENTRINE,DCDXHGMCXGHXBM-UHFFFAOYSA-N
"GABAalpha2/alpha3 agonists, Merck",HMRARORRDHCLOT-UHFFFAOYSA-N
cinepazet,XDUOTWNXVDBCDY-VOTSOKGWSA-N
CINEPAZET,XDUOTWNXVDBCDY-SREVYHEPSA-N
BNC-105,RADMJHVVIZTENA-UHFFFAOYSA-N
L-648051,ZAKKEARLDPTRLX-UHFFFAOYSA-N
TAK-063,KVHRYLNQDWXAGI-UHFFFAOYSA-N
Cladribine,PTOAARAWEBMLNO-KVQBGUIXSA-N
CLADRIBINE,PTOAARAWEBMLNO-UHFFFAOYSA-N
CARBAZERAN,QJGVXJYGDBSPSJ-UHFFFAOYSA-N
Aprocitentan,DKULOVKANLVDEA-UHFFFAOYSA-N
Zoticasone propionate,POTREZAYKLAUSX-HUFMRFRTSA-N
Parogrelil hydrochloride,YJMYSLFFZJUXOA-UHFFFAOYSA-N
NSD-721,HLKYSQGBIIIQJN-UHFFFAOYSA-N
JNJ-42396302,BPLVDYJDAVYLRQ-UHFFFAOYSA-N
Methylprednisolone aceponate,DALKLAYLIPSCQL-YPYQNWSCSA-N
METHYLPREDNISOLONE ACEPONATE,DALKLAYLIPSCQL-IBTLSYKSSA-N
Dextofisopam,RUJBDQSFYCKFAA-HNNXBMFYSA-N
Levotofisopam,RUJBDQSFYCKFAA-OAHLLOKOSA-N
Tofizopam,RUJBDQSFYCKFAA-UHFFFAOYSA-N
apadoline,KXMAIWXPZGQNCR-UHFFFAOYSA-N
Resiquimod,BXNMTOQRYBFHNZ-UHFFFAOYSA-N
KF 15832,KJCLPXFGPVCAKL-UHFFFAOYSA-N
Epetirimod,UCPMSMNKGXUFCC-UHFFFAOYSA-N
Lanoconazole,ZRTQSJFIDWNVJW-WYMLVPIESA-N
Evofosfamide,UGJWRPJDTDGERK-UHFFFAOYSA-N
Sch-35852,INJPEINGXBVKEB-UHFFFAOYSA-N
Mifepristone,VKHAHZOOUSRJNA-GCNJZUOMSA-N
Canertinib dihydrochloride,OMZCMEYTWSXEPZ-UHFFFAOYSA-N
Oxiconazole nitrate,QRJJEGAJXVEBNE-HKOYGPOVSA-N
MONOSULFIRAM,CTPKSRZFJSJGML-UHFFFAOYSA-N
NLG-919,YTRRAUACYORZLX-UHFFFAOYSA-N
OXICONAZOLE NITRATE,QRJJEGAJXVEBNE-MOHJPFBDSA-N
NS 1652,CTNQAPPDQTYTHM-UHFFFAOYSA-N
[125I]Deoxyuridine,XQFRJNBWHJMXHO-XCAQJPMGSA-N
IDOXURIDINE,XQFRJNBWHJMXHO-UHFFFAOYSA-N
Melphalan,SGDBTWWWUNNDEQ-LBPRGKRZSA-N
MELPHALAN,SGDBTWWWUNNDEQ-UHFFFAOYSA-N
Melphalan drug delivery system,SGDBTWWWUNNDEQ-GFCCVEGCSA-N
Elzasonan hydrochloride,LHYMPSWMHXUWSK-STZFKDTASA-N
Irinotecan hydrochloride,UWKQSNNFCGGAFS-XIFFEERXSA-N
Irinotecan/encequidar,UWKQSNNFCGGAFS-MGBGTMOVSA-N
Indacaterol maleate,QZZUEBNBZAPZLX-QFIPXVFZSA-N
QVA-149,GCUZFFAPBPDIFM-IKXQUJFKSA-M
PROPAMIDINE ISETHIONATE,WTFXJFJYEJZMFO-UHFFFAOYSA-N
TMC-353121,DKORMNNYNRPTBJ-UHFFFAOYSA-N
Vesatolimod,VFOKSTCIRGDTBR-UHFFFAOYSA-N
PIPEQUALINE,AMEWZCMTSIONOX-UHFFFAOYSA-N
D-157495,MNLHFGXIUJNDAF-UHFFFAOYSA-N
CDRI-81-470,SINZZLKFRXIFDJ-UHFFFAOYSA-N
Cerlapirdine,NXQGEDVQXVTCDA-UHFFFAOYSA-N
SB-737050-A,HIBWHHQXUSKNOV-UHFFFAOYSA-N
mCyd,PPUDLEUZKVJXSZ-VPCXQMTMSA-N
DELIMOTECAN,MWOPHYKKEDTKAZ-HKBQPEDESA-N
LUCANTHONE,FBQPGGIHOFZRGH-UHFFFAOYSA-N
Nazartinib,IOMMMLWIABWRKL-WUTDNEBXSA-N
Futibatinib,KEIPNCCJPRMIAX-HNNXBMFYSA-N
XR 9051,RTIZZWMBGKGLFO-YWQXDYITSA-N
NPC 16377,RFUIYSLMVBVREF-UHFFFAOYSA-N
Saracatinib,OUKYUETWWIPKQR-UHFFFAOYSA-N
L 163833,VUGOJEFYZBZZBP-RMVMEJTISA-N
Apratastat,MAVDNGWEBZTACC-HNNXBMFYSA-N
"amphotericin-B deoxycholate, Bharat Serums and Vaccines",NFHDUMMQBQTVTR-JMLCCNMMSA-M
edoxudine,XACKNLSZYYIACO-UHFFFAOYSA-N
EDOXUDINE,XACKNLSZYYIACO-DJLDLDEBSA-N
Elziverine,PWZXTLHDGIBNLG-UHFFFAOYSA-N
Tilorone hydrochloride,MPMFCABZENCRHV-UHFFFAOYSA-N
ABT-239,KFHYZKCRXNRKRC-MRXNPFEDSA-N
Belizatinib,WSTUJEXAPHIEIM-FEGDYQJNSA-N
Hoechst-33258,INAAIJLSXJJHOZ-UHFFFAOYSA-N
ALINASTINE,NPWTVYBPSXCRPM-UHFFFAOYSA-N
Resiniferatoxin,DSDNAKHZNJAGHN-MXTYGGKSSA-N
RESINIFERATOXIN,DSDNAKHZNJAGHN-IHCAYWNCSA-N
Idoxuridine,XQFRJNBWHJMXHO-RRKCRQDMSA-N
AZD-8848,FEFIBEHSXLKJGI-UHFFFAOYSA-N
Motolimod,QSPOQCXMGPDIHI-UHFFFAOYSA-N
DRF-1042,XAKLYHGHEFMDAP-IAXKEJLGSA-N
Probimane,MAUYWACILHVRLR-UHFFFAOYSA-N
BN 80933,STCYUKSGPHEXDI-LJAQVGFWSA-N
Imiquimod,DOUYETYNHWVLEO-UHFFFAOYSA-N
Leflunomide,VHOGYURTWQBHIL-UHFFFAOYSA-N
PF-04878691,YZOQZEXYFLXNKA-UHFFFAOYSA-N
DPC-333,QVNZBDLTUKCPGJ-SHQCIBLASA-N
BMS 561392,QVNZBDLTUKCPGJ-UHFFFAOYSA-N
BMS-561392,QVNZBDLTUKCPGJ-LFHRXCRSSA-N
K 7259,NFASVSOLOYQBEH-UHFFFAOYSA-N
Ingenol mebutate,VDJHFHXMUKFKET-WDUFCVPESA-N
3-INGENYL ANGELATE,VDJHFHXMUKFKET-QLYZSHOQSA-N
MLN-2480,VWMJHAFYPMOMGF-ZCFIWIBFSA-N
FCE 25390,VHIJFTXYGDWRBH-UHFFFAOYSA-N
Aminothiadiazole,QUKGLNCXGVWCJX-UHFFFAOYSA-N
DUAZOMYCIN,WBSWOKCKZUNHQV-ZETCQYMHSA-N
Voxtalisib hydrochloride,RGHYDLZMTYDBDT-UHFFFAOYSA-N
HEXAFLUORENIUM BROMIDE,HDZAQYPYABGTCL-UHFFFAOYSA-N
Foropafant,VVBFISAUNSXQGZ-UHFFFAOYSA-N
flosatidil,VVSVBZTVALYDMC-UHFFFAOYSA-N
[(-)-Epicatechin-(-)-epicatechin],XFZJEEAOWLFHDH-NFJBMHMQSA-N
Suramin sodium,VAPNKLKDKUDFHK-UHFFFAOYSA-H
Mecobalamin,JEWJRMKHSMTXPP-WZHZPDAFSA-L
Zolasartan,FIKYECRHLXONOX-UHFFFAOYSA-N
Anidulafungin,JHVAMHSQVVQIOT-MFAJLEFUSA-N
anidulafungin,JHVAMHSQVVQIOT-FPVVGYDMSA-N
Tazomeline,XUHMGFKQBWZWPO-UHFFFAOYSA-N
Isavuconazole,DDFOUSQFMYRUQK-RCDICMHDSA-N
Micafungin sodium,PIEUQSKUWLMALL-YABMTYFHSA-N
BUCLOSAMIDE,ZGJHIFYEQJEUKA-UHFFFAOYSA-N
Posaconazole,RAGOYPUPXAKGKH-XAKZXMRKSA-N
POSACONAZOLE,RAGOYPUPXAKGKH-GCLJMXFQSA-N
Cefoselis sulfate,BHXLLRXDAYEMPP-SBGRAJFYSA-O
cefoselis,BHXLLRXDAYEMPP-FANKHUQVSA-O
CY-208-243,WRNKIDLXXXIELU-IEBWSBKVSA-N
Cefoperazone sodium,GCFBRXLSHGKWDP-XCGNWRKASA-N
CEFOPERAZONE SODIUM,GCFBRXLSHGKWDP-KVUOWAFTSA-N
Faropenem daloxate,JQBKWZPHJOEQAO-DVPVEWDBSA-N
faropenem medoxomil,JQBKWZPHJOEQAO-FEJOFABCSA-N
Cefazaflur,HGXLJRWXCXSEJO-GMSGAONNSA-N
Cefuroxime sodium,JFPVXVDWJQMJEE-IZRZKJBUSA-N
cefazedone sodium,VTLCNEGVSVJLDN-UHFFFAOYSA-N
Cefepime,HVFLCNVBZFFHBT-ZKDACBOMSA-N
CEFEPIME,HVFLCNVBZFFHBT-FKULVZFESA-N
Cefpirome,DKOQGJHPHLTOJR-WHRDSVKCSA-N
CEFPIROME,DKOQGJHPHLTOJR-YSMPRRRNSA-O
Fleroxacin,XBJBPGROQZJDOJ-UHFFFAOYSA-N
HETACILLIN,DXVUYOAEDJXBPY-NFFDBFGFSA-N
Orbifloxacin,QIPQASLPWJVQMH-DTORHVGOSA-N
Pivmecillinam hydrochloride,NPGNOVNWUSPMDP-UTEPHESZSA-N
pivmecillinam,NPGNOVNWUSPMDP-HLLBOEOZSA-N
Thiamphenicol,OTVAEFIXJLOWRX-NXEZZACHSA-N
Rufloxacin hydrochloride,NJCJBUHJQLFDSW-UHFFFAOYSA-N
Lomefloxacin hydrochloride,ZEKZLJVOYLTDKK-UHFFFAOYSA-N
cefazolin dibenzylamine,KJBSHKDOLLUFLE-CSDGMEMJSA-N
Cefazolin sodium,MLYYVTUWGNIJIB-BXKDBHETSA-N
"cefazolin, Sonescence",MLYYVTUWGNIJIB-PKEIRNPWSA-N
Cefodizime,XDZKBRJLTGRPSS-BGZQYGJUSA-N
CEFODIZIME,XDZKBRJLTGRPSS-ZSKFQXOHSA-N
Sarafloxacin hydrochloride,XBHBWNFJWIASRO-UHFFFAOYSA-N
Ulifloxacin,SUXQDLLXIBLQHW-UHFFFAOYSA-N
Cefpiramide sodium,PWAUCHMQEXVFJR-PMAPCBKXSA-N
cefpiramide,PWAUCHMQEXVFJR-YZZKKUAISA-N
CEFPIRAMIDE SODIUM,PWAUCHMQEXVFJR-ZAZMHIJSSA-N
Butopamine,YJQZYXCXBBCEAQ-ACJLOTCBSA-N
CEFDITOREN,KMIPKYQIOVAHOP-YLGJWRNMSA-N
Sultamicillin tosylate,OPYGFNJSCUDTBT-PMLPCWDUSA-N
Fosmidomycin,GJXWDTUCERCKIX-UHFFFAOYSA-N
CEFMENOXIME HYDROCHLORIDE,MPTNDTIREFCQLK-HRAACVKBSA-N
Cefmenoxime hydrochloride,HJJDBAOLQAWBMH-YCRCPZNHSA-N
TALAMPICILLIN,SOROUYSPFADXSN-SUWVAFIASA-N
Faropenem sodium,HGGAKXAHAYOLDJ-FHZUQPTBSA-N
Mupirocin,MINDHVHHQZYEEK-HBBNESRFSA-N
Aspoxicillin,BHELIUBJHYAEDK-OAIUPTLZSA-N
ASPOXICILLIN,BHELIUBJHYAEDK-NFPQMFLLSA-N
CEFIXIME,OKBVVJOGVLARMR-VINNURBNSA-N
Cefixime,OKBVVJOGVLARMR-QSWIMTSFSA-N
Lenampicillin hydrochloride,ZKUKMWMSYCIYRD-ZXFNITATSA-N
OXOLINIC ACID,KYGZCKSPAKDVKC-UHFFFAOYSA-N
Azelastine hydrochloride,MBUVEWMHONZEQD-UHFFFAOYSA-N
Pefloxacin,FHFYDNQZQSQIAI-UHFFFAOYSA-N
Triclosan,XEFQLINVKFYRCS-UHFFFAOYSA-N
Cefotaxime sodium,GPRBEKHLDVQUJE-QSWIMTSFSA-N
CEFOTAXIME SODIUM,GPRBEKHLDVQUJE-VINNURBNSA-N
Ceftibuten,UNJFKXSSGBWRBZ-BJCIPQKHSA-N
Cefotiam hydrochloride,QYQDKDWGWDOFFU-IUODEOHRSA-N
cefotiam,QYQDKDWGWDOFFU-KEKZHRQWSA-N
Tebipenem,GXXLUDOKHXEFBQ-YJFSRANCSA-N
sulbenicillin,JETQIUPBHQNHNZ-DITHJYQYSA-N
Sulbenicillin,JETQIUPBHQNHNZ-OAYJICASSA-N
flumequine,DPSPPJIUMHPXMA-UHFFFAOYSA-N
Phytosphingosine hydrochloride,AERBNCYCJBRYDG-KSZLIROESA-N
faropenem sodium,HGGAKXAHAYOLDJ-PUCGJVDLSA-N
OPC-7241,JATLJHBAMQKRDH-UHFFFAOYSA-N
DQ-2556,IWIVCNVLSKNJJS-VLMZJYNESA-N
A-57132,ROMLGDPRVIVYSV-UHFFFAOYSA-N
BMY-43748,SKYPQEVVXGJKIJ-NSHDSACASA-N
Amifloxacin,RUXPNBWPIRDVTH-UHFFFAOYSA-N
Sch-29482,LDVDKTLZRGWFID-UHFFFAOYSA-N
ME-1228,HJXPKHCLLLRQDL-SZDZOZPASA-N
ME 1228,HJXPKHCLLLRQDL-HFCXZPKYSA-N
Cefuzonam sodium,CXHKZHZLDMQGFF-ZSDSSEDPSA-N
Ibafloxacin,DXKRGNXUIRKXNR-UHFFFAOYSA-N
DN-9550,GQDJQRLFEZSKIN-UOGOVECUSA-O
PROTOSUFLOXACIN,IXOLUVCRGNJKSZ-UHFFFAOYSA-N
E-5065,IUQKXTKLHSXZNO-UHFFFAOYSA-N
WQ 1197,CJHRREBFISGMEQ-OQPBUACISA-N
Norfloxacin,OGJPXUAPXNRGGI-UHFFFAOYSA-N
Ciprofloxacin hydrochloride,MYSWGUAQZAJSOK-UHFFFAOYSA-N
PIPERACILLIN SODIUM,IVBHGBMCVLDMKU-DZZKQEIESA-N
Piperacillin sodium,IVBHGBMCVLDMKU-GXNBUGAJSA-N
Miloxacin,ABQYZRZVRIPTPI-UHFFFAOYSA-N
Rosoxacin,XBPZXDSZHPDXQU-UHFFFAOYSA-N
PD-131628,MUKSDTOOLRNSIO-QMMMGPOBSA-N
CI 990,MUKSDTOOLRNSIO-UHFFFAOYSA-N
NCX-1015,MJHYBJOMJPGNMM-KGWLDMEJSA-N
WQ-3813,MJMVUQNNSOBCGF-UHFFFAOYSA-N
Irloxacin,RZLHGQLYNZQZQQ-UHFFFAOYSA-N
Squalamine lactate,UIRKNQLZZXALBI-MSVGPLKSSA-N
squalamine,UIRKNQLZZXALBI-MTVAXYNDSA-N
SQUALAMINE,UIRKNQLZZXALBI-GSDBPZLUSA-N
Olamufloxacin mesilate,LEILBPMISZFZQK-GFCCVEGCSA-N
BMY-41802,NXKOWQUWRFWFDS-NOZJJQNGSA-N
Alalevonadifloxacin mesylate,OUXXDXXQNWKOIF-RYUDHWBXSA-N
BMY-40062,KNHLHFDFFDCJJR-NXEZZACHSA-N
BMY 40062,KNHLHFDFFDCJJR-ZJUUUORDSA-N
PGE 9509924,ZASYVQUJFRKPOO-NSHDSACASA-N
E 4884,AUJKWLGOXRSXRX-JVXZTZIISA-N
BMY 28232,IPPHNIGBWNJLAF-RDQAVJLLSA-N
CM-40876,HCCFUFNFJIUPHS-MZYBJUSBSA-N
E 3846,ISJRMOARTUIEPA-UHFFFAOYSA-N
Cetefloxacin,LTDOHCZUKCZDEQ-BJOHPYRUSA-N
CP 74667,ALRZZABRVIYCNY-UHFFFAOYSA-N
WCK-1152,PMBHAWNZPPNADR-UHFFFAOYSA-N
Cefteram,XSPUSVIQHBDITA-RKYNPMAHSA-N
DJ-6783,IRRYFLAZTLGICF-UHFFFAOYSA-N
Cefpodoxime,WYUSVOMTXWRGEK-HBWVYFAYSA-N
BETAMICIN,RHRAMPXHWHSKQB-UHFFFAOYSA-N
Brilacidin,QPDYBCZNGUJZDK-DNQXCXABSA-N
F 14512,NUZMJDHDPVKFJN-TYDXHICZSA-N
F-14512,NUZMJDHDPVKFJN-ZGKJISJMSA-N
Sulopenem,FLSUCZWOEMTFAQ-PRBGKLEPSA-N
CP-65207,FLSUCZWOEMTFAQ-UHFFFAOYSA-N
DOV-102677,BSMNRYCSBFHEMQ-GZMMTYOYSA-N
Ningetinib Tosylate,VQYYQSZNRVQLIS-UHFFFAOYSA-N
Ruboxistaurin hydrochloride,ZCBUQCWBWNUWSU-SFHVURJKSA-N
Vidupiprant,PFWVGKROPKKEDW-UHFFFAOYSA-N
ICI-D2138,SLZBEPLWGGRZAY-UHFFFAOYSA-N
CI-949,JPTSIWRGXIZEOO-UHFFFAOYSA-N
Elvitegravir,JUZYLCPPVHEVSV-LJQANCHMSA-N
Elgodipine hydrochloride,ZGRIPYHIFXGCHR-UHFFFAOYSA-N
fanetizole,WEEYMMXMBFJUAI-UHFFFAOYSA-N
Febuxostat,BQSJTQLCZDPROO-UHFFFAOYSA-N
OSI-930,FGTCROZDHDSNIO-UHFFFAOYSA-N
FIALURIDINE,IPVFGAYTKQKGBM-BYPJNBLXSA-N
fialuridine,IPVFGAYTKQKGBM-UHFFFAOYSA-N
[124I]FIAU,IPVFGAYTKQKGBM-GDBQBOEPSA-N
lotifazole,SMQXDOVGKKMUIZ-UHFFFAOYSA-N
ATI-0917,BSMJHJAWPFPTKW-UHFFFAOYSA-N
GDC-0834,CDOOFZZILLRUQH-GDLZYMKVSA-N
Ezutromid,KSGCNXAZROJSNW-UHFFFAOYSA-N
MD 280040,OTDRIRFHGNXOBO-HNNXBMFYSA-N
Budesonide,VOVIALXJUBGFJZ-KWVAZRHASA-N
Budesonide/formoterol/glycopyrrolate,XCIFGNIIODIDFX-ZGHGVDNDSA-M
Fludrocortisone acetate,SYWHXTATXSMDSB-GSLJADNHSA-N
FLUDROCORTISONE ACETATE,SYWHXTATXSMDSB-KTPJVQSHSA-N
GW-597901,GBTODAKMABNGIJ-VWLOTQADSA-N
GW597901X,GBTODAKMABNGIJ-RUZDIDTESA-N
Dexamethasone 21-acetate,AKUJBENLRBOFTD-RPRRAYFGSA-N
BETAMETHASONE ACETATE,AKUJBENLRBOFTD-QZIXMDIESA-N
"dexamethasone acetate, Laboratoires CTRS",AKUJBENLRBOFTD-HIBZCRSPSA-N
timobesone,LNGNTCFORRWFSF-DVTGEIKXSA-N
Apremilast,IMOZEMNVLZVGJZ-QGZVFWFLSA-N
CC-10004,IMOZEMNVLZVGJZ-UHFFFAOYSA-N
PREDNISOLONE SODIUM PHOSPHATE,JDOZJEUDSLGTLU-JEFZWPMTSA-N
PREDNAZOLINE,WBNNIURTBZHJTI-WDCKKOMHSA-N
Prednisolone sodium phosphate,JDOZJEUDSLGTLU-VWUMJDOOSA-N
prednisolone sodium phosphate,JDOZJEUDSLGTLU-YDAVOWJHSA-N
Clascoterone,GPNHMOZDMYNCPO-PDUMRIMRSA-N
Betamethasone sodium phosphate,VQODGRNSFPNSQE-DVTGEIKXSA-N
DEXAMETHASONE SODIUM PHOSPHATE,VQODGRNSFPNSQE-IQSBSNNESA-N
Dexamethasone sodium phosphate,VQODGRNSFPNSQE-CXSFZGCWSA-N
Phorbol 12-myristate 13-acetate,PHEDXBVPIONUQT-RGYGYFBISA-N
RP-323,PHEDXBVPIONUQT-CYIAMDLISA-N
Bentamapimod,XCPPIJCBCWUBNT-UHFFFAOYSA-N
SU-23397,QSTYMRMEJNQSJW-UHFFFAOYSA-N
Tesaglitazar,CXGTZJYQWSUFET-IBGZPJMESA-N
BENDACORT,DYVIEGCPUPGXOH-HGGPGNIHSA-N
Mometasone furoate,WOFMFGQZHJDGCX-ZULDAHANSA-N
Mometasone/formoterol,VVWSSVXERSACCP-ZUXWQOPOSA-N
Mometasone controlled-release implant,WOFMFGQZHJDGCX-DAUIHXSWSA-N
Licofelone,UAWXGRJVZSAUSZ-UHFFFAOYSA-N
DITOPHAL,DWGXUDUOJPYAOR-UHFFFAOYSA-N
TIOCARLIDE,BWBONKHPVHMQHE-UHFFFAOYSA-N
RWJ 337813,CODRSYHZEISSJM-HNNXBMFYSA-N
PNU 140457,JJBMTUJJQREOPY-NSHDSACASA-N
GS-9132,WJSGOXONRXFGRY-UHFFFAOYSA-N
TBA-354,ZXSGSFMORAILEY-HNNXBMFYSA-N
GLPG-0974,MPMKMQHJHDHPBE-RUZDIDTESA-N
Secnidazole,KPQZUUQMTUIKBP-UHFFFAOYSA-N
Metronidazole,VAOCPAMSLUNLGC-UHFFFAOYSA-N
Benzoyl Metronidazole,CUUCCLJJOWSASK-UHFFFAOYSA-N
Tinidazole,HJLSLZFTEKNLFI-UHFFFAOYSA-N
NIRIDAZOLE,RDXLYGJSWZYTFJ-UHFFFAOYSA-N
R-921218,TVKGTSHBQZEFEE-UHFFFAOYSA-N
Moxnidazole,RILWUTQZRXWBOB-GIDUJCDVSA-N
Mavelertinib,JYIUNVOCEFIUIU-GHMZBOCLSA-N
SN-29244,GZSOKPMDWVRVMG-UHFFFAOYSA-N
C-4,BNJYXTGPJCEASP-UHFFFAOYSA-N
MIN-117,XIYDIPLATGRHEC-SFHVURJKSA-N
CARNIDAZOLE,OVEVHVURWWTPFC-UHFFFAOYSA-N
CCX-140,LUUMLYXKTPBTQR-UHFFFAOYSA-N
SL-11128,KJAAEKQTENJMDT-SFECMWDFSA-N
Elopiprazole,PGNHBJGIQAEIHD-UHFFFAOYSA-N
YH-1238,MPEPVADGJPDEQT-UHFFFAOYSA-N
FT-11,UIWZIDIJCUEOMT-PKNBQFBNSA-N
Relamorelin,KUBPNVYPKPWGRJ-LIVOIKKVSA-N
Vapreotide acetate,SWXOGPJRIDTIRL-DOUNNPEJSA-N
"vapreotide, immediate-release",SWXOGPJRIDTIRL-UHFFFAOYSA-N
VAPREOTIDE,SWXOGPJRIDTIRL-CMHFUKGASA-N
Substance P,ADNPLDHMAVUMIW-CUZNLEPHSA-N
Examorelin,RVWNMGKSNGWLOL-GIIHNPQRSA-N
U-75799E,WZHKXNSOCOQYQX-FUAFALNISA-N
NXN-188,YDMBNDUHUNWWRP-VJBWXMMDSA-N
Delparantag,PWFIFNGOPQUNIT-ITMZJIMRSA-N
PMX-60056,PWFIFNGOPQUNIT-NHYXAHLCSA-N
Ipamorelin,NEHWBYHLYZGBNO-BVEPWEIPSA-N
Dasotraline hydrochloride,SRPXSILJHWNFMK-MEDUHNTESA-N
dasotraline,SRPXSILJHWNFMK-CHPOKUKFSA-N
XOMA-629,YSPFONMJJGFGKC-KGEOJHTKSA-N
E-2078,JENWDDCMEATQSR-ONSKYXJOSA-N
NOVEXATIN,NVZLKNHDHPPJHL-RMIXPHLWSA-N
D-Lys3-GHRP-6,MGSNWNLPMHXGDD-DFWOJPNQSA-N
Ibuproxam,BYPIURIATSUHDW-UHFFFAOYSA-N
JNJ-2408068,RDQSNNMSDOHAPG-UHFFFAOYSA-N
EP-51216,DFXFDNPRHWLXON-AANMMBORSA-N
CB-182804,OINMSSZOBLWDTB-LDPSCSCQSA-N
L44,IKARRQFFZRTPEB-UHFFFAOYSA-N
GV-150013,RZERRLOTRSJIAW-NEPGVILWSA-N
HY-10275,UEFWDVMEDFCHGW-UHFFFAOYSA-N
XL-281,MMNNTJYFHUDSKL-UHFFFAOYSA-N
Racecadotril,ODUOJXZPIYUATO-UHFFFAOYSA-N
()-Equol,ADFCQWZHKCXPAJ-UHFFFAOYSA-N
AUS-131,ADFCQWZHKCXPAJ-GFCCVEGCSA-N
BMS-688521,LILGMDXLRPEBNH-HFZDXXHNSA-N
Minaprine hydrochloride,LDMWSLGGVTVJPG-UHFFFAOYSA-N
NIALAMIDE,NOIIUHRQUVNIDD-UHFFFAOYSA-N
Meptazinol hydrochloride,JLICHNCFTLFZJN-UHFFFAOYSA-N
SB-756050,GJUFPAZNBPFNRI-UHFFFAOYSA-N
S 22068,UBLHYKNVKKEDSV-UHFFFAOYSA-N
VSF-173,CTUICISGLKIJLG-UHFFFAOYSA-N
AZOLIMINE,KPMDCTAAOGEIKO-UHFFFAOYSA-N
Levamisole hydrochloride,HLFSDGLLUJUHTE-SNVBAGLBSA-N
Busulfan,COVZYZSDYWQREU-UHFFFAOYSA-N
PRO-2000,KVBGVZZKJNLNJU-UHFFFAOYSA-N
REC-15/3079,HVMKWKIPLGPYAR-UHFFFAOYSA-N
Topotecan hydrochloride,UCFGDBYHRUNTLO-QHCPKHFHSA-N
Aceneuramic acid sodium salt,SQVRNKJHWKZAKO-PFQGKNLYSA-N
aceneuramic acid,SQVRNKJHWKZAKO-KOCQRMDASA-N
Aceneuramic acid,SQVRNKJHWKZAKO-YRMXFSIDSA-N
Carmustine,DLGOEMSEDOSKAD-UHFFFAOYSA-N
Linotroban,ISSKMEQROMFEHL-UHFFFAOYSA-N
Azilsartan,KGSXMPPBFPAXLY-UHFFFAOYSA-N
Amlodipine/azilsartan,WWPRZTDBCMSPPU-UHFFFAOYSA-N
Butalbital,UZVHFVZFNXBMQJ-UHFFFAOYSA-N
EMD-39609,XRGNABQSJLQUGV-UHFFFAOYSA-N
PF-05175157,BDXXSFOJPYSYOC-UHFFFAOYSA-N
BROMOFOSFAMIDE,ZJVAVRRLTFVZIP-UHFFFAOYSA-N
quinestrol,PWZUUYSISTUNDW-UHFFFAOYSA-N
QUINESTROL,PWZUUYSISTUNDW-BOSQQAFTSA-N
ICI-162846,ALCSGJCIESECFD-UHFFFAOYSA-N
KR-055015,QFOBHYKKXFZEPW-UHFFFAOYSA-N
Contragestazol,GXCZZAKPGMYPDJ-UHFFFAOYSA-N
Butixocort propionate,CDKNUFNIFGPFSF-AYVLZSQQSA-N
butixocort propionate,CDKNUFNIFGPFSF-XZSSAKSRSA-N
Milenperone,DBESQBZOXMCXPV-UHFFFAOYSA-N
L 653150,LRKDYEMHDRMUKA-WOJBJXKFSA-N
AWD-140-190,VIWMXLPFMKLOCQ-UHFFFAOYSA-N
Zalospirone hydrochloride,AERLHOTUXIJQFV-AIAJZDAFSA-N
zalospirone,AERLHOTUXIJQFV-UHFFFAOYSA-N
ZALOSPIRONE,AERLHOTUXIJQFV-RCPZPFRWSA-N
Femoxetine,OJSFTALXCYKKFQ-YLJYHZDGSA-N
FEMOXETINE,OJSFTALXCYKKFQ-UHFFFAOYSA-N
CI-1002,WTPSHLVHJOJDIF-UHFFFAOYSA-N
ACODAZOLE,XJXLRNPVSQADMZ-UHFFFAOYSA-N
Atliprofen methyl ester,WINXAKJYORVNHU-UHFFFAOYSA-N
AZD-1656,FJEJHJINOKKDCW-INIZCTEOSA-N
eptazocine,ZOWQTJXNFTWSCS-IAQYHMDHSA-N
Eptazocine hydrobromide,ZOWQTJXNFTWSCS-XHDPSFHLSA-N
EPTAZOCINE,ZOWQTJXNFTWSCS-UHFFFAOYSA-N
ketocaine,UXAWFWFJXIANHZ-UHFFFAOYSA-N
TEKTURNA HCTZ,GIWAHJLKDQZXRS-DKVOZMMNSA-N
ALISKIREN FUMARATE,UXOWGYHJODZGMF-NDBXHCKUSA-N
S-2150,KGWIADSYOGHOLK-JSOSNVBQSA-N
FS-205-397,ITLRQEKXUKZTPG-UHFFFAOYSA-N
BTG-1640,ALQXIMVNPRVWQA-LRVUVFPRSA-N
SP-1640,ALQXIMVNPRVWQA-VHDGCEQUSA-N
Androstenediol,QADHLRWLCPCEKT-LOVVWNRFSA-N
ALX-1417,DUHARNKZLBMPBS-UHFFFAOYSA-N
Norcoclaurine,WZRCQWQRFZITDX-UHFFFAOYSA-N
Israpafant,RMSWMRJVUJSDGN-UHFFFAOYSA-N
FLORIFENINE,DQOYUDHAZMAVLD-UHFFFAOYSA-N
Butylscopolamine bromide,YBCNXCRZPWQOBR-WVHCHWADSA-N
SCOPOLAMINE BUTYLBROMIDE,YBCNXCRZPWQOBR-WCEMVANESA-N
BB-76163,GDCDJDVICJMYLY-HBMCJLEFSA-N
ESP-24232,ULDZFCNXQRYRSI-UHFFFAOYSA-N
LY 195448,SYZWOOODCAMXPL-SFHVURJKSA-N
LY-195448,SYZWOOODCAMXPL-GOSISDBHSA-N
T-506,JLGWAGKPIWGUEH-NGLMKZPHSA-O
T 506,JLGWAGKPIWGUEH-OUKQBFOZSA-N
SX-1032,MZGQIBQVSJDWHM-UHFFFAOYSA-N
KD-7040,ZJFFPGMGWOEQLF-UHFFFAOYSA-N
CLOROPHENE,NCKMMSIFQUPKCK-UHFFFAOYSA-N
Dexamethasone,UREBDLICKHMUKA-CXSFZGCWSA-N
